user_id,session_id,session_start,session_size,click_article_id,click_timestamp,click_environment,click_deviceGroup,click_os,click_country,click_region,click_referrer_type
80084,1507786606420107,1507786606000,2,183176,1507786735318,4,3,2,1,20,1
80084,1507786606420107,1507786606000,2,215993,1507786765318,4,3,2,1,20,1
149677,1507786649352108,1507786649000,3,233688,1507786673210,4,1,17,1,16,2
149677,1507786649352108,1507786649000,3,160096,1507786761680,4,1,17,1,16,2
149677,1507786649352108,1507786649000,3,183176,1507786791680,4,1,17,1,16,2
285878,1507786651304109,1507786651000,2,233688,1507786701369,4,3,2,1,25,2
285878,1507786651304109,1507786651000,2,283505,1507786731369,4,3,2,1,25,2
44563,1507786654507110,1507786654000,4,233688,1507786696851,4,3,20,1,21,2
44563,1507786654507110,1507786654000,4,283505,1507786839797,4,3,20,1,21,2
44563,1507786654507110,1507786654000,4,234006,1507786984221,4,3,20,1,21,2
44563,1507786654507110,1507786654000,4,208150,1507787014221,4,3,20,1,21,2
270121,1507786671585111,1507786671000,2,208150,1507786743380,4,3,20,6,28,2
270121,1507786671585111,1507786671000,2,234006,1507786773380,4,3,20,6,28,2
36714,1507786701225112,1507786701000,2,119488,1507786740633,4,3,2,1,21,2
36714,1507786701225112,1507786701000,2,235964,1507786770633,4,3,2,1,21,2
9757,1507786701229113,1507786701000,2,84942,1507786719071,4,1,17,1,14,1
9757,1507786701229113,1507786701000,2,160096,1507786749071,4,1,17,1,14,1
285879,1507786702366114,1507786702000,2,233688,1507786731529,4,3,2,1,25,2
285879,1507786702366114,1507786702000,2,215993,1507786761529,4,3,2,1,25,2
19732,1507786707300115,1507786707000,3,233688,1507786792574,4,3,20,1,25,2
19732,1507786707300115,1507786707000,3,283505,1507787132582,4,3,20,1,25,2
19732,1507786707300115,1507786707000,3,234006,1507787162582,4,3,20,1,25,2
99510,1507786718318116,1507786718000,2,108857,1507786769652,4,1,17,1,13,2
99510,1507786718318116,1507786718000,2,215993,1507786799652,4,1,17,1,13,2
285880,1507786750130117,1507786750000,2,158032,1507786853783,4,3,2,1,25,1
285880,1507786750130117,1507786750000,2,9308,1507786883783,4,3,2,1,25,1
285881,1507786755145118,1507786755000,2,111043,1507786826352,4,3,2,1,11,2
285881,1507786755145118,1507786755000,2,233688,1507786856352,4,3,2,1,11,2
89805,1507786777456119,1507786777000,3,111043,1507786934693,4,3,2,7,28,2
89805,1507786777456119,1507786777000,3,283505,1507787373072,4,3,2,7,28,2
89805,1507786777456119,1507786777000,3,215993,1507787403072,4,3,2,7,28,2
117907,1507786779346120,1507786779000,3,283627,1507787370500,4,3,2,1,25,1
117907,1507786779346120,1507786779000,3,337617,1507787513199,4,3,2,1,25,1
117907,1507786779346120,1507786779000,3,208150,1507787543199,4,3,2,1,25,1
207070,1507786783404121,1507786783000,2,283505,1507787072904,4,1,17,1,13,2
207070,1507786783404121,1507786783000,2,233688,1507787102904,4,1,17,1,13,2
46027,1507786793245122,1507786793000,3,233688,1507786841859,2,3,20,1,25,2
46027,1507786793245122,1507786793000,3,111043,1507787141227,2,3,20,1,25,2
46027,1507786793245122,1507786793000,3,215993,1507787171227,2,3,20,1,25,2
8449,1507786795364123,1507786795000,2,283505,1507787025950,4,4,20,1,10,2
8449,1507786795364123,1507786795000,2,215993,1507787055950,4,4,20,1,10,2
23472,1507786808324124,1507786808000,3,118856,1507786895992,4,3,20,11,28,1
23472,1507786808324124,1507786808000,3,337192,1507787008915,4,3,20,11,28,1
23472,1507786808324124,1507786808000,3,128260,1507787038915,4,3,20,11,28,1
8941,1507786813198125,1507786813000,3,161602,1507786821467,4,3,2,1,24,7
8941,1507786813198125,1507786813000,3,233688,1507787089757,4,3,2,1,24,2
8941,1507786813198125,1507786813000,3,215993,1507787119757,4,3,2,1,24,2
33066,1507786815202126,1507786815000,2,208150,1507787007880,4,3,2,1,24,2
33066,1507786815202126,1507786815000,2,160096,1507787037880,4,3,2,1,24,2
23870,1507786817287127,1507786817000,2,233688,1507786923789,4,3,2,1,13,2
23870,1507786817287127,1507786817000,2,215993,1507786953789,4,3,2,1,13,2
117968,1507786819394128,1507786819000,3,183176,1507786885927,4,1,17,1,25,1
117968,1507786819394128,1507786819000,3,354086,1507786922975,4,1,17,1,25,1
117968,1507786819394128,1507786819000,3,233688,1507786952975,4,1,17,1,25,1
10932,1507786822112129,1507786822000,2,111043,1507787032715,4,3,2,6,28,2
10932,1507786822112129,1507786822000,2,233688,1507787062715,4,3,2,6,28,2
197425,1507786823272130,1507786823000,2,233688,1507786855974,4,3,2,1,5,2
197425,1507786823272130,1507786823000,2,215993,1507786885974,4,3,2,1,5,2
15732,1507786834294131,1507786834000,2,208150,1507787197451,4,1,17,11,28,2
15732,1507786834294131,1507786834000,2,215993,1507787227451,4,1,17,11,28,2
285882,1507786834828132,1507786834000,3,233688,1507787067560,4,3,2,1,16,2
285882,1507786834828132,1507786834000,3,215993,1507787243326,4,3,2,1,16,1
285882,1507786834828132,1507786834000,3,183176,1507787273326,4,3,2,1,16,1
116663,1507786862204133,1507786862000,2,233688,1507786873811,4,3,2,1,25,2
116663,1507786862204133,1507786862000,2,111043,1507786903811,4,3,2,1,25,2
117925,1507786874306134,1507786874000,2,233688,1507787108951,4,1,5,11,28,2
117925,1507786874306134,1507786874000,2,208150,1507787138951,4,1,5,11,28,2
236679,1507786894415135,1507786894000,2,233688,1507786941686,4,4,20,1,14,2
236679,1507786894415135,1507786894000,2,111043,1507786971686,4,4,20,1,14,2
38224,1507786896397136,1507786896000,3,233688,1507786896762,4,1,17,1,13,6
38224,1507786896397136,1507786896000,3,183176,1507787059108,4,1,17,1,13,1
38224,1507786896397136,1507786896000,3,277492,1507787089108,4,1,17,1,13,1
24996,1507786900263137,1507786900000,4,48948,1507787103303,4,3,2,1,6,1
24996,1507786900263137,1507786900000,4,49091,1507787188079,4,3,2,1,6,1
24996,1507786900263137,1507786900000,4,48673,1507787253240,4,3,2,1,6,1
24996,1507786900263137,1507786900000,4,47794,1507787283240,4,3,2,1,6,1
263533,1507786918343138,1507786918000,3,111043,1507787189167,4,3,2,1,26,2
263533,1507786918343138,1507786918000,3,283505,1507787946955,4,3,2,1,26,2
263533,1507786918343138,1507786918000,3,234006,1507787976955,4,3,2,1,26,2
105882,1507786922678139,1507786922000,4,208150,1507787047914,4,3,2,1,25,2
105882,1507786922678139,1507786922000,4,233688,1507787369898,4,3,2,1,25,2
105882,1507786922678139,1507786922000,4,283505,1507787452976,4,3,2,1,25,2
105882,1507786922678139,1507786922000,4,234006,1507787482976,4,3,2,1,25,2
102157,1507786925971140,1507786925000,11,288558,1507788445012,4,1,17,1,25,1
102157,1507786925971140,1507786925000,11,162419,1507788586136,4,1,17,1,25,1
102157,1507786925971140,1507786925000,11,354086,1507788668707,4,1,17,1,25,1
102157,1507786925971140,1507786925000,11,211401,1507788686530,4,1,17,1,25,1
102157,1507786925971140,1507786925000,11,233688,1507788699957,4,1,17,1,25,1
102157,1507786925971140,1507786925000,11,307384,1507788710669,4,1,17,1,25,1
102157,1507786925971140,1507786925000,11,159938,1507788971582,4,1,17,1,25,1
102157,1507786925971140,1507786925000,11,214297,1507789447475,4,1,17,1,25,1
102157,1507786925971140,1507786925000,11,65450,1507791084196,4,1,17,1,25,1
102157,1507786925971140,1507786925000,11,233887,1507791106487,4,1,17,1,25,1
102157,1507786925971140,1507786925000,11,211732,1507791136487,4,1,17,1,25,1
148426,1507786931119141,1507786931000,2,233688,1507788705881,4,1,17,1,20,2
148426,1507786931119141,1507786931000,2,160096,1507788735881,4,1,17,1,20,2
2247,1507786932351142,1507786932000,2,283505,1507788012685,4,3,2,1,16,2
2247,1507786932351142,1507786932000,2,145493,1507788042685,4,3,2,1,16,2
151727,1507786939419143,1507786939000,2,233688,1507787018848,4,3,20,1,21,2
151727,1507786939419143,1507786939000,2,234006,1507787048848,4,3,20,1,21,2
46059,1507786940371144,1507786940000,2,128260,1507787049838,4,3,2,1,4,2
46059,1507786940371144,1507786940000,2,183176,1507787079838,4,3,2,1,4,2
234491,1507786948349145,1507786948000,2,245419,1507787239629,4,3,2,1,21,1
234491,1507786948349145,1507786948000,2,107290,1507787269629,4,3,2,1,21,1
238277,1507786958175146,1507786958000,7,162070,1507787167122,4,3,2,1,25,1
238277,1507786958175146,1507786958000,7,9308,1507787210806,4,3,2,1,25,1
238277,1507786958175146,1507786958000,7,337192,1507787548452,4,3,2,1,25,1
238277,1507786958175146,1507786958000,7,96321,1507787853884,4,3,2,1,25,1
238277,1507786958175146,1507786958000,7,120967,1507788360098,4,3,2,1,25,1
238277,1507786958175146,1507786958000,7,74722,1507788465343,4,3,2,1,25,4
238277,1507786958175146,1507786958000,7,288251,1507788495343,4,3,2,1,25,4
285883,1507786958889147,1507786958000,2,233688,1507786988261,4,3,2,1,25,2
285883,1507786958889147,1507786958000,2,111043,1507787018261,4,3,2,1,25,2
285884,1507786959343148,1507786959000,2,234006,1507787113790,4,1,17,1,21,2
285884,1507786959343148,1507786959000,2,283505,1507787143790,4,1,17,1,21,2
167985,1507786959280149,1507786959000,2,84942,1507786972444,4,1,17,11,28,1
167985,1507786959280149,1507786959000,2,277492,1507787002444,4,1,17,11,28,1
111789,1507786964415150,1507786964000,2,211732,1507790525590,4,1,12,1,20,7
111789,1507786964415150,1507786964000,2,74722,1507790555590,4,1,12,1,20,7
43785,1507786974327151,1507786974000,2,183176,1507787079576,4,3,2,1,25,1
43785,1507786974327151,1507786974000,2,160096,1507787109576,4,3,2,1,25,1
39740,1507787004710152,1507787004000,2,233688,1507787031029,4,3,20,1,25,2
39740,1507787004710152,1507787004000,2,183176,1507787061029,4,3,20,1,25,2
42412,1507787006255153,1507787006000,2,215993,1507787125443,4,1,17,1,25,2
42412,1507787006255153,1507787006000,2,183176,1507787155443,4,1,17,1,25,2
7284,1507787007773154,1507787007000,2,111043,1507787064533,2,3,20,1,25,2
7284,1507787007773154,1507787007000,2,183176,1507787094533,2,3,20,1,25,2
230976,1507787010121155,1507787010000,6,162070,1507787038322,4,3,2,1,25,1
230976,1507787010121155,1507787010000,6,160543,1507787131429,4,3,2,1,25,1
230976,1507787010121155,1507787010000,6,156700,1507787254444,4,3,2,1,25,1
230976,1507787010121155,1507787010000,6,156603,1507787573713,4,3,2,1,25,1
230976,1507787010121155,1507787010000,6,161451,1507787741203,4,3,2,1,25,1
230976,1507787010121155,1507787010000,6,158214,1507787771203,4,3,2,1,25,1
117591,1507787026888156,1507787026000,4,233688,1507787159126,4,3,2,1,6,2
117591,1507787026888156,1507787026000,4,111043,1507788086709,4,3,2,1,6,2
117591,1507787026888156,1507787026000,4,183176,1507788907811,4,3,2,1,6,2
117591,1507787026888156,1507787026000,4,119534,1507788937811,4,3,2,1,6,2
5379,1507787038353157,1507787038000,2,78354,1507787445758,4,3,2,1,24,4
5379,1507787038353157,1507787038000,2,233688,1507787475758,4,3,2,1,24,4
1709,1507787053150158,1507787053000,8,284209,1507787054186,4,1,17,1,25,7
1709,1507787053150158,1507787053000,8,336220,1507787127267,4,1,17,1,25,1
1709,1507787053150158,1507787053000,8,74722,1507787279509,4,1,17,1,25,4
1709,1507787053150158,1507787053000,8,160096,1507788470356,4,1,17,1,25,1
1709,1507787053150158,1507787053000,8,233688,1507791802461,4,1,17,1,25,1
1709,1507787053150158,1507787053000,8,156700,1507792336637,4,1,17,1,25,1
1709,1507787053150158,1507787053000,8,9308,1507792461710,4,1,17,1,25,1
1709,1507787053150158,1507787053000,8,274881,1507792491710,4,1,17,1,25,1
223812,1507787058190159,1507787058000,2,324553,1507787097931,4,3,2,1,25,1
223812,1507787058190159,1507787058000,2,111043,1507787127931,4,3,2,1,25,1
233544,1507787092367160,1507787092000,2,111043,1507787200964,4,3,20,5,28,2
233544,1507787092367160,1507787092000,2,234006,1507787230964,4,3,20,5,28,2
20896,1507787094290161,1507787094000,2,233688,1507787228541,4,3,2,1,17,2
20896,1507787094290161,1507787094000,2,111043,1507787258541,4,3,2,1,17,2
219038,1507787098392162,1507787098000,4,208150,1507787496717,4,3,2,1,25,2
219038,1507787098392162,1507787098000,4,233688,1507787622082,4,3,2,1,25,2
219038,1507787098392162,1507787098000,4,288251,1507787792952,4,3,2,1,25,1
219038,1507787098392162,1507787098000,4,283505,1507787822952,4,3,2,1,25,1
181635,1507787103380163,1507787103000,2,233688,1507787323126,4,3,2,1,25,2
181635,1507787103380163,1507787103000,2,120967,1507787353126,4,3,2,1,25,2
151136,1507787109351164,1507787109000,2,283505,1507787228286,4,3,2,6,28,2
151136,1507787109351164,1507787109000,2,234006,1507787258286,4,3,2,6,28,2
413,1507787113128165,1507787113000,4,108857,1507787152473,4,4,20,1,25,2
413,1507787113128165,1507787113000,4,283505,1507787213153,4,4,20,1,25,2
413,1507787113128165,1507787113000,4,234006,1507787281606,4,4,20,1,25,2
413,1507787113128165,1507787113000,4,160096,1507787311606,4,4,20,1,25,2
2039,1507787121203166,1507787121000,6,111043,1507787189422,4,3,2,1,24,2
2039,1507787121203166,1507787121000,6,351427,1507787419231,4,3,2,1,24,1
2039,1507787121203166,1507787121000,6,120967,1507787485139,4,3,2,1,24,1
2039,1507787121203166,1507787121000,6,215993,1507787749026,4,3,2,1,24,1
2039,1507787121203166,1507787121000,6,233688,1507787770689,4,3,2,1,24,1
2039,1507787121203166,1507787121000,6,283505,1507787800689,4,3,2,1,24,1
285885,1507787122150167,1507787122000,2,111043,1507787154118,4,3,20,2,28,2
285885,1507787122150167,1507787122000,2,183176,1507787184118,4,3,20,2,28,2
21487,1507787131163168,1507787131000,2,233688,1507787155951,4,1,17,1,21,2
21487,1507787131163168,1507787131000,2,111043,1507787185951,4,1,17,1,21,2
285886,1507787132639169,1507787132000,2,215993,1507787202827,4,3,20,1,16,2
285886,1507787132639169,1507787132000,2,233688,1507787232827,4,3,20,1,16,2
113663,1507787149183170,1507787149000,2,283505,1507787181528,4,3,20,1,7,2
113663,1507787149183170,1507787149000,2,234006,1507787211528,4,3,20,1,7,2
285887,1507787168207171,1507787168000,2,211732,1507787168204,4,3,20,8,28,5
285887,1507787168207171,1507787168000,2,211401,1507787198204,4,3,20,8,28,5
181672,1507787168471172,1507787168000,3,208150,1507787289232,4,3,2,11,28,1
181672,1507787168471172,1507787168000,3,207082,1507787625079,4,3,2,11,28,1
181672,1507787168471172,1507787168000,3,233688,1507787655079,4,3,2,11,28,1
7421,1507787170233173,1507787170000,2,107290,1507787727713,4,3,20,1,25,1
7421,1507787170233173,1507787170000,2,211401,1507787757713,4,3,20,1,25,1
33296,1507787173346174,1507787173000,2,128260,1507787258637,4,3,2,1,25,2
33296,1507787173346174,1507787173000,2,84914,1507787288637,4,3,2,1,25,2
118498,1507787173224175,1507787173000,2,233688,1507787207792,2,4,2,1,25,2
118498,1507787173224175,1507787173000,2,283505,1507787237792,2,4,2,1,25,2
41865,1507787184268176,1507787184000,3,233688,1507787229660,2,3,20,1,15,2
41865,1507787184268176,1507787184000,3,283505,1507787340769,2,3,20,1,15,2
41865,1507787184268176,1507787184000,3,160096,1507787370769,2,3,20,1,15,2
285888,1507787186257177,1507787186000,2,233688,1507787218068,4,3,2,1,25,2
285888,1507787186257177,1507787186000,2,183176,1507787248068,4,3,2,1,25,2
120298,1507787190137178,1507787190000,2,283505,1507787259054,4,3,2,1,21,2
120298,1507787190137178,1507787190000,2,234006,1507787289054,4,3,2,1,21,2
13803,1507787192590179,1507787192000,3,233688,1507787242720,2,4,20,1,21,2
13803,1507787192590179,1507787192000,3,234006,1507787499582,2,4,20,1,21,2
13803,1507787192590179,1507787192000,3,128260,1507787529582,2,4,20,1,21,2
14168,1507787207357180,1507787207000,2,183176,1507787341428,4,1,17,1,20,1
14168,1507787207357180,1507787207000,2,354086,1507787371428,4,1,17,1,20,1
226330,1507787217270181,1507787217000,3,283505,1507787284822,4,3,2,11,28,2
226330,1507787217270181,1507787217000,3,234006,1507787528592,4,3,2,11,28,2
226330,1507787217270181,1507787217000,3,160096,1507787558592,4,3,2,11,28,2
285889,1507787219194182,1507787219000,4,348138,1507787219794,4,3,2,1,16,7
285889,1507787219194182,1507787219000,4,348081,1507787510373,4,3,2,1,16,1
285889,1507787219194182,1507787219000,4,100956,1507787664312,4,3,2,1,16,1
285889,1507787219194182,1507787219000,4,279230,1507787694312,4,3,2,1,16,1
285890,1507787225321183,1507787225000,2,183176,1507787263314,4,3,2,1,21,2
285890,1507787225321183,1507787225000,2,120967,1507787293314,4,3,2,1,21,2
41372,1507787234251184,1507787234000,2,233688,1507787255228,4,3,2,1,16,2
41372,1507787234251184,1507787234000,2,111043,1507787285228,4,3,2,1,16,2
285891,1507787249225185,1507787249000,2,239962,1507787292208,4,1,17,1,21,7
285891,1507787249225185,1507787249000,2,239185,1507787322208,4,1,17,1,21,7
35465,1507787256639186,1507787256000,2,233688,1507787325257,4,3,20,1,9,2
35465,1507787256639186,1507787256000,2,235964,1507787355257,4,3,20,1,9,2
251457,1507787261148187,1507787261000,2,283505,1507788161259,4,3,2,1,27,2
251457,1507787261148187,1507787261000,2,235854,1507788191259,4,3,2,1,27,2
134,1507787263393188,1507787263000,5,160096,1507787365399,4,1,12,8,28,2
134,1507787263393188,1507787263000,5,111043,1507787465424,4,1,12,8,28,1
134,1507787263393188,1507787263000,5,183176,1507788126142,4,1,12,8,28,1
134,1507787263393188,1507787263000,5,331635,1507788252977,4,1,12,8,28,1
134,1507787263393188,1507787263000,5,159938,1507788282977,4,1,12,8,28,1
268970,1507787267249189,1507787267000,2,233688,1507787444054,4,3,2,1,17,2
268970,1507787267249189,1507787267000,2,283505,1507787474054,4,3,2,1,17,2
196054,1507787276727190,1507787276000,2,108857,1507787868110,4,1,17,1,16,2
196054,1507787276727190,1507787276000,2,215993,1507787898110,4,1,17,1,16,2
264831,1507787282405191,1507787282000,2,233688,1507787298894,4,3,2,1,25,2
264831,1507787282405191,1507787282000,2,111043,1507787328894,4,3,2,1,25,2
231330,1507787282410192,1507787282000,3,183176,1507787311252,4,3,2,1,21,1
231330,1507787282410192,1507787282000,3,181585,1507787334800,4,3,2,1,21,1
231330,1507787282410192,1507787282000,3,128260,1507787364800,4,3,2,1,21,1
233497,1507787293284193,1507787293000,4,255629,1507787322303,4,3,2,1,19,1
233497,1507787293284193,1507787293000,4,208150,1507787430720,4,3,2,1,19,1
233497,1507787293284193,1507787293000,4,254462,1507787793634,4,3,2,1,19,1
233497,1507787293284193,1507787293000,4,254668,1507787823634,4,3,2,1,19,1
24337,1507787294107194,1507787294000,2,233688,1507787322850,4,3,20,1,25,2
24337,1507787294107194,1507787294000,2,283505,1507787352850,4,3,20,1,25,2
41964,1507787294163195,1507787294000,3,208150,1507787345840,4,1,17,1,15,2
41964,1507787294163195,1507787294000,3,108857,1507791461883,4,1,17,1,15,2
41964,1507787294163195,1507787294000,3,96321,1507791491883,4,1,17,1,15,2
83225,1507787296385196,1507787296000,2,208150,1507787551761,4,3,20,11,28,2
83225,1507787296385196,1507787296000,2,235964,1507787581761,4,3,20,11,28,2
114273,1507787308332197,1507787308000,3,233688,1507790024630,4,1,17,1,5,2
114273,1507787308332197,1507787308000,3,111043,1507790441014,4,1,17,1,5,2
114273,1507787308332197,1507787308000,3,183176,1507790471014,4,1,17,1,5,2
196347,1507787313415198,1507787313000,2,233688,1507787356520,4,3,2,1,21,2
196347,1507787313415198,1507787313000,2,337192,1507787386520,4,3,2,1,21,2
360,1507787357374199,1507787357000,3,233688,1507787389877,4,3,2,1,21,2
360,1507787357374199,1507787357000,3,283505,1507787584183,4,3,2,1,21,2
360,1507787357374199,1507787357000,3,234006,1507787614183,4,3,2,1,21,2
172368,1507787365202200,1507787365000,2,283505,1507788904991,4,1,17,1,19,2
172368,1507787365202200,1507787365000,2,215993,1507788934991,4,1,17,1,19,2
233924,1507787377326201,1507787377000,2,111043,1507787485683,4,4,2,1,17,2
233924,1507787377326201,1507787377000,2,215993,1507787515683,4,4,2,1,17,2
13739,1507787384336202,1507787384000,2,208150,1507787556886,4,3,2,1,25,2
13739,1507787384336202,1507787384000,2,183176,1507787586886,4,3,2,1,25,2
285892,1507787387946203,1507787387000,3,348129,1507787542086,4,3,20,1,25,1
285892,1507787387946203,1507787387000,3,348135,1507787641621,4,3,20,1,25,7
285892,1507787387946203,1507787387000,3,272544,1507787671621,4,3,20,1,25,7
271851,1507787404297204,1507787404000,7,160096,1507787535353,4,1,17,11,28,2
271851,1507787404297204,1507787404000,7,120967,1507787708875,4,1,17,11,28,7
271851,1507787404297204,1507787404000,7,307779,1507788193342,4,1,17,11,28,7
271851,1507787404297204,1507787404000,7,119534,1507788303974,4,1,17,11,28,7
271851,1507787404297204,1507787404000,7,219938,1507788664897,4,1,17,11,28,7
271851,1507787404297204,1507787404000,7,14200,1507788675014,4,1,17,11,28,7
271851,1507787404297204,1507787404000,7,190593,1507788705014,4,1,17,11,28,7
117788,1507787409627205,1507787409000,2,160096,1507787742457,4,3,20,1,21,2
117788,1507787409627205,1507787409000,2,9308,1507787772457,4,3,20,1,21,2
193876,1507787448122206,1507787448000,2,10179,1507787683027,4,3,2,1,17,1
193876,1507787448122206,1507787448000,2,183176,1507787713027,4,3,2,1,17,1
215375,1507787459416207,1507787459000,2,208150,1507787741253,4,3,20,1,25,2
215375,1507787459416207,1507787459000,2,234006,1507787771253,4,3,20,1,25,2
10576,1507787461375208,1507787461000,2,16603,1507787943473,4,3,2,1,4,1
10576,1507787461375208,1507787461000,2,183176,1507787973473,4,3,2,1,4,1
4584,1507787468223209,1507787468000,2,283505,1507787520914,4,3,20,1,12,2
4584,1507787468223209,1507787468000,2,234006,1507787550914,4,3,20,1,12,2
236653,1507787473182210,1507787473000,4,233688,1507787490736,4,1,17,1,5,2
236653,1507787473182210,1507787473000,4,111043,1507787521887,4,1,17,1,5,2
236653,1507787473182210,1507787473000,4,283505,1507787525427,4,1,17,1,5,2
236653,1507787473182210,1507787473000,4,215993,1507787555427,4,1,17,1,5,2
285893,1507787484120211,1507787484000,2,212952,1507787493318,4,1,17,1,25,5
285893,1507787484120211,1507787484000,2,355175,1507787523318,4,1,17,1,25,5
224370,1507787492150212,1507787492000,3,233688,1507787629643,4,3,2,11,28,2
224370,1507787492150212,1507787492000,3,111043,1507787670170,4,3,2,11,28,2
224370,1507787492150212,1507787492000,3,183176,1507787700170,4,3,2,11,28,2
135037,1507787508200213,1507787508000,3,160096,1507787544375,4,1,12,10,28,2
135037,1507787508200213,1507787508000,3,183176,1507787609126,4,1,12,10,28,1
135037,1507787508200213,1507787508000,3,111043,1507787639126,4,1,12,10,28,1
128758,1507787509504214,1507787509000,3,208150,1507787596422,4,3,2,1,25,2
128758,1507787509504214,1507787509000,3,215993,1507787847568,4,3,2,1,25,2
128758,1507787509504214,1507787509000,3,111043,1507787877568,4,3,2,1,25,2
285894,1507787524138215,1507787524000,2,233688,1507787546033,4,1,17,1,16,2
285894,1507787524138215,1507787524000,2,120967,1507787576033,4,1,17,1,16,2
238175,1507787528372216,1507787528000,2,208150,1507787574249,4,3,2,1,21,2
238175,1507787528372216,1507787528000,2,160096,1507787604249,4,3,2,1,21,2
285895,1507787532321217,1507787532000,2,183176,1507821832241,4,3,19,1,16,2
285895,1507787532321217,1507787532000,2,336245,1507821862241,4,3,19,1,16,2
230810,1507787536383218,1507787536000,3,233688,1507787551319,4,3,20,1,9,2
230810,1507787536383218,1507787536000,3,111043,1507787617116,4,3,20,1,9,2
230810,1507787536383218,1507787536000,3,215993,1507787647116,4,3,20,1,9,2
193015,1507787548335219,1507787548000,2,233688,1507787567803,4,3,2,1,16,2
193015,1507787548335219,1507787548000,2,283505,1507787597803,4,3,2,1,16,2
214989,1507787556121220,1507787556000,2,108857,1507787648786,4,1,17,1,25,2
214989,1507787556121220,1507787556000,2,183176,1507787678786,4,1,17,1,25,2
285896,1507787562642221,1507787562000,2,208150,1507787586994,4,1,17,1,16,1
285896,1507787562642221,1507787562000,2,108857,1507787616994,4,1,17,1,16,1
116079,1507787567386222,1507787567000,2,283505,1507787630768,4,3,2,1,17,2
116079,1507787567386222,1507787567000,2,183176,1507787660768,4,3,2,1,17,2
11803,1507787572347223,1507787572000,2,233688,1507787606109,4,3,2,7,28,2
11803,1507787572347223,1507787572000,2,215993,1507787636109,4,3,2,7,28,2
117494,1507787577416224,1507787577000,2,233688,1507788186125,4,3,2,1,16,2
117494,1507787577416224,1507787577000,2,111043,1507788216125,4,3,2,1,16,2
12473,1507787581226225,1507787581000,3,160096,1507787684650,4,1,17,1,21,1
12473,1507787581226225,1507787581000,3,108857,1507787697680,4,1,17,1,21,1
12473,1507787581226225,1507787581000,3,84914,1507787727680,4,1,17,1,21,1
11330,1507787583255226,1507787583000,2,283505,1507787609919,4,3,20,10,28,2
11330,1507787583255226,1507787583000,2,111043,1507787639919,4,3,20,10,28,2
35961,1507787587300227,1507787587000,5,119522,1507836752919,4,1,17,1,1,2
35961,1507787587300227,1507787587000,5,4291,1507836843995,4,1,17,1,1,1
35961,1507787587300227,1507787587000,5,3935,1507836903782,4,1,17,1,1,1
35961,1507787587300227,1507787587000,5,3797,1507837108347,4,1,17,1,1,1
35961,1507787587300227,1507787587000,5,2885,1507837138347,4,1,17,1,1,1
122357,1507787589244228,1507787589000,2,208150,1507787695360,4,3,2,1,21,1
122357,1507787589244228,1507787589000,2,208562,1507787725360,4,3,2,1,21,1
63651,1507787593185229,1507787593000,2,233688,1507787696634,4,3,20,10,28,2
63651,1507787593185229,1507787593000,2,183176,1507787726634,4,3,20,10,28,2
39516,1507787611201230,1507787611000,4,107290,1507787692495,4,1,17,1,21,1
39516,1507787611201230,1507787611000,4,160096,1507788266748,4,1,17,1,21,1
39516,1507787611201230,1507787611000,4,120967,1507788410187,4,1,17,1,21,1
39516,1507787611201230,1507787611000,4,120010,1507788440187,4,1,17,1,21,1
285897,1507787615350231,1507787615000,2,354020,1507787619993,4,1,17,1,25,5
285897,1507787615350231,1507787615000,2,166041,1507787649993,4,1,17,1,25,5
16107,1507787623180232,1507787623000,3,233688,1507787860300,4,3,2,1,13,2
16107,1507787623180232,1507787623000,3,111043,1507788367131,4,3,2,1,13,2
16107,1507787623180232,1507787623000,3,215993,1507788397131,4,3,2,1,13,2
178702,1507787645335233,1507787645000,2,208150,1507788030769,4,3,2,1,25,2
178702,1507787645335233,1507787645000,2,283505,1507788060769,4,3,2,1,25,2
219657,1507787653146234,1507787653000,4,160096,1507787742202,4,3,20,10,28,1
219657,1507787653146234,1507787653000,4,288558,1507787863050,4,3,20,10,28,1
219657,1507787653146234,1507787653000,4,354086,1507788080048,4,3,20,10,28,1
219657,1507787653146234,1507787653000,4,183176,1507788110048,4,3,20,10,28,1
24120,1507787658155235,1507787658000,5,236904,1507787705517,4,3,20,1,13,1
24120,1507787658155235,1507787658000,5,207082,1507787725718,4,3,20,1,13,1
24120,1507787658155235,1507787658000,5,9308,1507787814729,4,3,20,1,13,1
24120,1507787658155235,1507787658000,5,183176,1507787944686,4,3,20,1,13,1
24120,1507787658155235,1507787658000,5,120967,1507787974686,4,3,20,1,13,1
2332,1507787660137236,1507787660000,3,233688,1507787706972,4,1,17,6,28,2
2332,1507787660137236,1507787660000,3,111043,1507787718841,4,1,17,6,28,2
2332,1507787660137236,1507787660000,3,215993,1507787748841,4,1,17,6,28,2
70512,1507787661273237,1507787661000,2,215993,1507787797629,4,4,20,10,28,2
70512,1507787661273237,1507787661000,2,128260,1507787827629,4,4,20,10,28,2
196875,1507787662299238,1507787662000,3,160142,1507788023707,4,1,17,1,20,1
196875,1507787662299238,1507787662000,3,42609,1507788389876,4,1,17,1,20,1
196875,1507787662299238,1507787662000,3,42815,1507788419876,4,1,17,1,20,1
117412,1507787665368239,1507787665000,3,111043,1507787743476,4,3,2,1,21,2
117412,1507787665368239,1507787665000,3,120967,1507787982840,4,3,2,1,21,1
117412,1507787665368239,1507787665000,3,183176,1507788012840,4,3,2,1,21,1
64452,1507787666307240,1507787666000,2,283505,1507789101610,4,1,17,1,13,2
64452,1507787666307240,1507787666000,2,234006,1507789131610,4,1,17,1,13,2
114578,1507787704189241,1507787704000,2,215993,1507787895157,4,3,2,11,28,2
114578,1507787704189241,1507787704000,2,111043,1507787925157,4,3,2,11,28,2
285898,1507787705223242,1507787705000,2,233688,1507787783388,4,3,20,1,25,2
285898,1507787705223242,1507787705000,2,283505,1507787813388,4,3,20,1,25,2
1109,1507787706142243,1507787706000,3,233688,1507787792295,4,3,20,1,13,2
1109,1507787706142243,1507787706000,3,283505,1507787828598,4,3,20,1,13,2
1109,1507787706142243,1507787706000,3,234006,1507787858598,4,3,20,1,13,2
32119,1507787709166244,1507787709000,2,234006,1507787735084,4,1,17,1,8,2
32119,1507787709166244,1507787709000,2,183176,1507787765084,4,1,17,1,8,2
285899,1507787709310245,1507787709000,2,233688,1507787772306,4,3,2,1,21,2
285899,1507787709310245,1507787709000,2,160096,1507787802306,4,3,2,1,21,2
5001,1507787713372246,1507787713000,2,233688,1507787825636,4,3,2,1,8,2
5001,1507787713372246,1507787713000,2,108857,1507787855636,4,3,2,1,8,2
285900,1507787715541247,1507787715000,3,111043,1507788194349,4,3,20,1,21,7
285900,1507787715541247,1507787715000,3,234006,1507788618107,4,3,20,1,21,2
285900,1507787715541247,1507787715000,3,283505,1507788648107,4,3,20,1,21,2
61488,1507787716140248,1507787716000,5,107059,1507788648078,1,3,2,1,21,5
61488,1507787716140248,1507787716000,5,107073,1507788741777,1,3,2,1,21,5
61488,1507787716140248,1507787716000,5,107095,1507788881174,1,3,2,1,21,5
61488,1507787716140248,1507787716000,5,107052,1507788969039,1,3,2,1,21,5
61488,1507787716140248,1507787716000,5,226398,1507788999039,1,3,2,1,21,5
115951,1507787720140249,1507787720000,2,208150,1507787794579,4,1,17,1,21,2
115951,1507787720140249,1507787720000,2,111043,1507787824579,4,1,17,1,21,2
285901,1507787722416250,1507787722000,2,183176,1507788466649,4,3,20,1,25,2
285901,1507787722416250,1507787722000,2,284339,1507788496649,4,3,20,1,25,2
118086,1507787728391251,1507787728000,2,283505,1507787808856,4,3,20,7,28,2
118086,1507787728391251,1507787728000,2,234006,1507787838856,4,3,20,7,28,2
138082,1507787728363252,1507787728000,2,211732,1507788084036,4,1,17,1,5,6
138082,1507787728363252,1507787728000,2,208150,1507788114036,4,1,17,1,5,6
151192,1507787744401253,1507787744000,3,107073,1507787778374,4,3,20,1,13,1
151192,1507787744401253,1507787744000,3,70649,1507787887222,4,3,20,1,13,1
151192,1507787744401253,1507787744000,3,129642,1507787917222,4,3,20,1,13,1
36964,1507787753408254,1507787753000,2,111043,1507787917710,4,3,2,1,16,2
36964,1507787753408254,1507787753000,2,183176,1507787947710,4,3,2,1,16,2
27539,1507787759348255,1507787759000,2,111043,1507787840216,2,3,20,1,25,2
27539,1507787759348255,1507787759000,2,283505,1507787870216,2,3,20,1,25,2
285902,1507787764182256,1507787764000,2,183176,1507809602104,4,1,17,1,8,1
285902,1507787764182256,1507787764000,2,149706,1507809632104,4,1,17,1,8,1
151376,1507787778294257,1507787778000,2,208562,1507787811453,4,1,17,3,28,1
151376,1507787778294257,1507787778000,2,47854,1507787841453,4,1,17,3,28,1
109174,1507787779346258,1507787779000,3,128260,1507788126809,4,3,2,1,24,2
109174,1507787779346258,1507787779000,3,120967,1507788287465,4,3,2,1,24,1
109174,1507787779346258,1507787779000,3,234006,1507788317465,4,3,2,1,24,1
79717,1507787793663259,1507787793000,4,111043,1507788505203,4,1,17,1,16,2
79717,1507787793663259,1507787793000,4,215993,1507788571397,4,1,17,1,16,2
79717,1507787793663259,1507787793000,4,160096,1507788585809,4,1,17,1,16,2
79717,1507787793663259,1507787793000,4,183176,1507788615809,4,1,17,1,16,2
285903,1507787797116260,1507787797000,4,36399,1507787805750,4,3,2,1,13,7
285903,1507787797116260,1507787797000,4,120967,1507788213899,4,3,2,1,13,1
285903,1507787797116260,1507787797000,4,215993,1507788429783,4,3,2,1,13,1
285903,1507787797116260,1507787797000,4,111043,1507788459783,4,3,2,1,13,1
2082,1507787808166261,1507787808000,3,84618,1507787902684,4,3,20,9,28,1
2082,1507787808166261,1507787808000,3,288435,1507788151454,4,3,20,9,28,1
2082,1507787808166261,1507787808000,3,118482,1507788181454,4,3,20,9,28,1
231565,1507787820988262,1507787820000,3,207828,1507787901677,4,3,2,1,13,1
231565,1507787820988262,1507787820000,3,208150,1507787966474,4,3,2,1,13,1
231565,1507787820988262,1507787820000,3,202670,1507787996474,4,3,2,1,13,1
105081,1507787825289263,1507787825000,3,283505,1507787940664,4,3,2,1,5,2
105081,1507787825289263,1507787825000,3,277492,1507788178096,4,3,2,1,5,1
105081,1507787825289263,1507787825000,3,9308,1507788208096,4,3,2,1,5,1
11927,1507787830358264,1507787830000,2,233688,1507787874436,4,1,17,3,28,2
11927,1507787830358264,1507787830000,2,111043,1507787904436,4,1,17,3,28,2
78200,1507787831161265,1507787831000,6,84942,1507787854114,4,1,17,3,28,1
78200,1507787831161265,1507787831000,6,226398,1507787896601,4,1,17,3,28,1
78200,1507787831161265,1507787831000,6,156700,1507787948709,4,1,17,3,28,1
78200,1507787831161265,1507787831000,6,160981,1507787960570,4,1,17,3,28,1
78200,1507787831161265,1507787831000,6,233688,1507787990632,4,1,17,3,28,1
78200,1507787831161265,1507787831000,6,183176,1507788020632,4,1,17,3,28,1
15458,1507787837270266,1507787837000,2,283505,1507787837032,4,1,17,1,11,5
15458,1507787837270266,1507787837000,2,108857,1507787867032,4,1,17,1,11,5
102489,1507787845414267,1507787845000,3,208150,1507789249366,4,3,2,1,5,1
102489,1507787845414267,1507787845000,3,207828,1507789517942,4,3,2,1,5,1
102489,1507787845414267,1507787845000,3,202534,1507789547942,4,3,2,1,5,1
285904,1507787864324268,1507787864000,6,235964,1507787960880,4,3,2,3,28,1
285904,1507787864324268,1507787864000,6,233420,1507788333404,4,3,2,3,28,1
285904,1507787864324268,1507787864000,6,48673,1507788515448,4,3,2,3,28,1
285904,1507787864324268,1507787864000,6,183176,1507788635346,4,3,2,3,28,1
285904,1507787864324268,1507787864000,6,271265,1507788799970,4,3,2,3,28,1
285904,1507787864324268,1507787864000,6,286176,1507788829970,4,3,2,3,28,1
95718,1507787869604269,1507787869000,7,307779,1507787870176,4,1,17,1,25,4
95718,1507787869604269,1507787869000,7,74628,1507788011256,4,1,17,1,25,4
95718,1507787869604269,1507787869000,7,62548,1507788027469,4,1,17,1,25,4
95718,1507787869604269,1507787869000,7,111043,1507788045310,4,1,17,1,25,4
95718,1507787869604269,1507787869000,7,47854,1507788095280,4,1,17,1,25,4
95718,1507787869604269,1507787869000,7,233688,1507788101560,4,1,17,1,25,4
95718,1507787869604269,1507787869000,7,236517,1507788131560,4,1,17,1,25,4
255914,1507787872754270,1507787872000,2,234006,1507787925634,4,3,20,1,14,2
255914,1507787872754270,1507787872000,2,49091,1507787955634,4,3,20,1,14,2
193434,1507787886255271,1507787886000,2,234006,1507787905714,4,1,17,1,21,1
193434,1507787886255271,1507787886000,2,237452,1507787935714,4,1,17,1,21,1
113471,1507787894669272,1507787894000,2,183176,1507787902895,4,3,2,11,28,2
113471,1507787894669272,1507787894000,2,354086,1507787932895,4,3,2,11,28,2
21017,1507787899378273,1507787899000,4,233688,1507787947663,2,3,20,1,8,2
21017,1507787899378273,1507787899000,4,111043,1507788502392,2,3,20,1,8,2
21017,1507787899378273,1507787899000,4,283505,1507788769497,2,3,20,1,8,2
21017,1507787899378273,1507787899000,4,234006,1507788799497,2,3,20,1,8,2
43743,1507787904398274,1507787904000,3,215993,1507788958791,4,1,17,1,13,2
43743,1507787904398274,1507787904000,3,234006,1507789274802,4,1,17,1,13,2
43743,1507787904398274,1507787904000,3,233688,1507789304802,4,1,17,1,13,2
285905,1507787909374275,1507787909000,2,233688,1507787954804,4,4,2,1,21,2
285905,1507787909374275,1507787909000,2,215993,1507787984804,4,4,2,1,21,2
19991,1507787916417276,1507787916000,4,111043,1507788078078,4,3,20,1,16,2
19991,1507787916417276,1507787916000,4,283505,1507788105925,4,3,20,1,16,2
19991,1507787916417276,1507787916000,4,233688,1507788257531,4,3,20,1,16,1
19991,1507787916417276,1507787916000,4,119534,1507788287531,4,3,20,1,16,1
193995,1507787919306277,1507787919000,4,234006,1507787919679,4,1,17,1,13,5
193995,1507787919306277,1507787919000,4,283505,1507788228394,4,1,17,1,13,5
193995,1507787919306277,1507787919000,4,111043,1507788452363,4,1,17,1,13,5
193995,1507787919306277,1507787919000,4,183176,1507788482363,4,1,17,1,13,5
12008,1507787942955278,1507787942000,2,183176,1507788013126,2,4,2,1,25,2
12008,1507787942955278,1507787942000,2,215993,1507788043126,2,4,2,1,25,2
39278,1507787959423279,1507787959000,3,233688,1507788062645,4,1,17,1,17,2
39278,1507787959423279,1507787959000,3,128260,1507788570462,4,1,17,1,17,2
39278,1507787959423279,1507787959000,3,111043,1507788600462,4,1,17,1,17,2
151321,1507787967349280,1507787967000,2,183176,1507788171026,4,3,2,1,21,1
151321,1507787967349280,1507787967000,2,208150,1507788201026,4,3,2,1,21,1
18828,1507787971373281,1507787971000,2,331635,1507788154444,4,3,2,1,25,1
18828,1507787971373281,1507787971000,2,331041,1507788184444,4,3,2,1,25,1
41551,1507788001979282,1507788001000,2,233688,1507788018909,4,1,17,1,21,2
41551,1507788001979282,1507788001000,2,234006,1507788048909,4,1,17,1,21,2
248220,1507788016764283,1507788016000,3,277492,1507788106558,4,3,2,1,8,1
248220,1507788016764283,1507788016000,3,233688,1507788184351,4,3,2,1,8,2
248220,1507788016764283,1507788016000,3,111043,1507788214351,4,3,2,1,8,2
92374,1507788026355284,1507788026000,2,36705,1507788143008,4,3,20,1,21,1
92374,1507788026355284,1507788026000,2,233688,1507788173008,4,3,20,1,21,1
39525,1507788053347285,1507788053000,2,162070,1507788345347,4,1,17,1,16,1
39525,1507788053347285,1507788053000,2,233688,1507788375347,4,1,17,1,16,1
21646,1507788074238286,1507788074000,3,233688,1507788077095,4,3,2,1,13,2
21646,1507788074238286,1507788074000,3,111043,1507788099787,4,3,2,1,13,2
21646,1507788074238286,1507788074000,3,215993,1507788129787,4,3,2,1,13,2
84672,1507788094179287,1507788094000,2,183176,1507788221992,4,1,12,11,28,1
84672,1507788094179287,1507788094000,2,236517,1507788251992,4,1,12,11,28,1
117155,1507788097246288,1507788097000,4,233688,1507788205299,4,1,17,1,16,2
117155,1507788097246288,1507788097000,4,183176,1507789197237,4,1,17,1,16,2
117155,1507788097246288,1507788097000,4,128260,1507789411042,4,1,17,1,16,1
117155,1507788097246288,1507788097000,4,129642,1507789441042,4,1,17,1,16,1
285824,1507788098342289,1507788098000,2,324286,1507788134288,4,3,2,1,25,1
285824,1507788098342289,1507788098000,2,323546,1507788164288,4,3,2,1,25,1
116133,1507788111420290,1507788111000,2,233688,1507788997893,4,3,2,1,25,2
116133,1507788111420290,1507788111000,2,286176,1507789027893,4,3,2,1,25,2
117186,1507788118312291,1507788118000,2,183176,1507788239364,4,3,2,1,25,2
117186,1507788118312291,1507788118000,2,96321,1507788269364,4,3,2,1,25,2
2104,1507788133171292,1507788133000,3,233688,1507788164952,4,1,17,1,5,2
2104,1507788133171292,1507788133000,3,202388,1507788587347,4,1,17,1,5,1
2104,1507788133171292,1507788133000,3,208150,1507788617347,4,1,17,1,5,1
1404,1507788133375293,1507788133000,2,283505,1507788609810,4,3,20,1,21,2
1404,1507788133375293,1507788133000,2,234006,1507788639810,4,3,20,1,21,2
175995,1507788145201294,1507788145000,3,111043,1507789947979,4,3,20,11,28,2
175995,1507788145201294,1507788145000,3,283505,1507790032037,4,3,20,11,28,2
175995,1507788145201294,1507788145000,3,234006,1507790062037,4,3,20,11,28,2
152,1507788154903295,1507788154000,5,160096,1507788283698,2,4,20,1,7,2
152,1507788154903295,1507788154000,5,120967,1507789041687,2,4,20,1,7,1
152,1507788154903295,1507788154000,5,208562,1507789200695,2,4,20,1,7,1
152,1507788154903295,1507788154000,5,36399,1507789360742,2,4,20,1,7,1
152,1507788154903295,1507788154000,5,48673,1507789390742,2,4,20,1,7,1
152123,1507788172912296,1507788172000,2,233688,1507788234092,4,3,2,1,25,2
152123,1507788172912296,1507788172000,2,183176,1507788264092,4,3,2,1,25,2
14643,1507788185238297,1507788185000,2,111043,1507789404802,4,4,20,11,28,2
14643,1507788185238297,1507788185000,2,215993,1507789434802,4,4,20,11,28,2
196566,1507788203395298,1507788203000,3,208150,1507788227240,4,1,17,10,28,2
196566,1507788203395298,1507788203000,3,119534,1507788631744,4,1,17,10,28,1
196566,1507788203395298,1507788203000,3,128260,1507788661744,4,1,17,10,28,1
16005,1507788214230299,1507788214000,4,111043,1507788247611,4,1,17,11,28,2
16005,1507788214230299,1507788214000,4,160096,1507789859366,4,1,17,11,28,2
16005,1507788214230299,1507788214000,4,183176,1507789875074,4,1,17,11,28,1
16005,1507788214230299,1507788214000,4,166177,1507789905074,4,1,17,11,28,1
2483,1507788249396300,1507788249000,3,160096,1507788674686,4,1,17,11,28,2
2483,1507788249396300,1507788249000,3,215993,1507788715463,4,1,17,11,28,2
2483,1507788249396300,1507788249000,3,111043,1507788745463,4,1,17,11,28,2
195773,1507788257289301,1507788257000,2,208150,1507788267410,4,3,2,1,5,2
195773,1507788257289301,1507788257000,2,233688,1507788297410,4,3,2,1,5,2
242423,1507788270346302,1507788270000,2,111043,1507788296088,4,3,2,10,28,2
242423,1507788270346302,1507788270000,2,283505,1507788326088,4,3,2,10,28,2
1123,1507788271363303,1507788271000,2,233688,1507788302356,4,1,17,1,19,2
1123,1507788271363303,1507788271000,2,111043,1507788332356,4,1,17,1,19,2
94227,1507788274876304,1507788274000,2,111043,1507788491418,4,3,2,1,5,2
94227,1507788274876304,1507788274000,2,283505,1507788521418,4,3,2,1,5,2
136594,1507788285314305,1507788285000,3,283505,1507788416390,4,3,2,1,25,2
136594,1507788285314305,1507788285000,3,351427,1507788659765,4,3,2,1,25,1
136594,1507788285314305,1507788285000,3,349698,1507788689765,4,3,2,1,25,1
159544,1507788301134306,1507788301000,2,208562,1507788318854,4,3,2,1,5,1
159544,1507788301134306,1507788301000,2,208150,1507788348854,4,3,2,1,5,1
285906,1507788305294307,1507788305000,3,224354,1507788393888,4,3,20,5,28,1
285906,1507788305294307,1507788305000,3,70591,1507788458785,4,3,20,5,28,1
285906,1507788305294307,1507788305000,3,111043,1507788488785,4,3,20,5,28,1
273653,1507788309227308,1507788309000,2,214297,1507788680976,4,3,2,7,28,1
273653,1507788309227308,1507788309000,2,84914,1507788710976,4,3,2,7,28,1
24376,1507788314560309,1507788314000,3,233688,1507788391059,4,3,2,11,28,2
24376,1507788314560309,1507788314000,3,111043,1507789576124,4,3,2,11,28,2
24376,1507788314560309,1507788314000,3,283505,1507789606124,4,3,2,11,28,2
285907,1507788321127310,1507788321000,2,233688,1507789497952,4,1,17,3,28,2
285907,1507788321127310,1507788321000,2,111043,1507789527952,4,1,17,3,28,2
30056,1507788326154311,1507788326000,2,283505,1507788351522,4,4,2,3,28,2
30056,1507788326154311,1507788326000,2,233688,1507788381522,4,4,2,3,28,2
285908,1507788337637312,1507788337000,2,160096,1507788510849,4,1,17,2,28,2
285908,1507788337637312,1507788337000,2,183176,1507788540849,4,1,17,2,28,2
227932,1507788359250313,1507788359000,6,233688,1507789013579,4,3,2,1,24,2
227932,1507788359250313,1507788359000,6,111043,1507789179264,4,3,2,1,24,1
227932,1507788359250313,1507788359000,6,184184,1507789430817,4,3,2,1,24,1
227932,1507788359250313,1507788359000,6,183176,1507789548748,4,3,2,1,24,1
227932,1507788359250313,1507788359000,6,264078,1507789630731,4,3,2,1,24,1
227932,1507788359250313,1507788359000,6,9308,1507789660731,4,3,2,1,24,1
285909,1507788368314314,1507788368000,2,233688,1507788410344,4,3,20,1,21,2
285909,1507788368314314,1507788368000,2,234006,1507788440344,4,3,20,1,21,2
170486,1507788378325315,1507788378000,2,208150,1507788452997,4,4,20,11,28,7
170486,1507788378325315,1507788378000,2,160096,1507788482997,4,4,20,11,28,7
256545,1507788386807316,1507788386000,3,234006,1507788991637,4,3,2,1,13,2
256545,1507788386807316,1507788386000,3,283505,1507789078008,4,3,2,1,13,2
256545,1507788386807316,1507788386000,3,215993,1507789108008,4,3,2,1,13,2
2251,1507788388473317,1507788388000,3,283505,1507788444742,4,1,17,10,28,2
2251,1507788388473317,1507788388000,3,160096,1507788564407,4,1,17,10,28,2
2251,1507788388473317,1507788388000,3,183176,1507788594407,4,1,17,10,28,2
149631,1507788412150318,1507788412000,3,215993,1507788412840,4,3,20,6,28,2
149631,1507788412150318,1507788412000,3,283505,1507788518938,4,3,20,6,28,2
149631,1507788412150318,1507788412000,3,233688,1507788548938,4,3,20,6,28,2
285910,1507788415275319,1507788415000,2,233688,1507788418075,4,3,2,1,25,2
285910,1507788415275319,1507788415000,2,283505,1507788448075,4,3,2,1,25,2
42273,1507788419355320,1507788419000,2,215993,1507788510789,4,1,17,6,28,2
42273,1507788419355320,1507788419000,2,183176,1507788540789,4,1,17,6,28,2
197113,1507788424266321,1507788424000,2,233688,1507789350402,4,3,2,1,25,2
197113,1507788424266321,1507788424000,2,283505,1507789380402,4,3,2,1,25,2
76678,1507788432303322,1507788432000,2,57964,1507789102931,4,3,2,1,8,1
76678,1507788432303322,1507788432000,2,59158,1507789132931,4,3,2,1,8,1
271605,1507788436382323,1507788436000,2,234006,1507788546324,4,3,20,1,5,2
271605,1507788436382323,1507788436000,2,283505,1507788576324,4,3,20,1,5,2
285911,1507788444271324,1507788444000,3,208150,1507788483783,4,1,17,10,28,2
285911,1507788444271324,1507788444000,3,283505,1507788612360,4,1,17,10,28,2
285911,1507788444271324,1507788444000,3,234006,1507788642360,4,1,17,10,28,2
428,1507788449249325,1507788449000,2,162070,1507789953535,4,3,2,1,20,1
428,1507788449249325,1507788449000,2,348138,1507789983535,4,3,2,1,20,1
285912,1507788458359326,1507788458000,2,160096,1507788989797,4,1,17,1,13,1
285912,1507788458359326,1507788458000,2,208150,1507789019797,4,1,17,1,13,1
150928,1507788461268327,1507788461000,3,58265,1507788464818,4,1,17,1,18,5
150928,1507788461268327,1507788461000,3,106337,1507788987549,4,1,17,1,18,5
150928,1507788461268327,1507788461000,3,255529,1507789017549,4,1,17,1,18,5
17206,1507788462195328,1507788462000,2,111043,1507788506078,4,3,2,1,17,2
17206,1507788462195328,1507788462000,2,234006,1507788536078,4,3,2,1,17,2
13420,1507788471415329,1507788471000,3,233688,1507788500321,4,3,2,10,28,2
13420,1507788471415329,1507788471000,3,283505,1507788551896,4,3,2,10,28,2
13420,1507788471415329,1507788471000,3,215993,1507788581896,4,3,2,10,28,2
111101,1507788493307330,1507788493000,5,234006,1507788601791,2,3,20,1,21,2
111101,1507788493307330,1507788493000,5,239962,1507788902164,2,3,20,1,21,1
111101,1507788493307330,1507788493000,5,236963,1507788958179,2,3,20,1,21,1
111101,1507788493307330,1507788493000,5,235745,1507789018708,2,3,20,1,21,1
111101,1507788493307330,1507788493000,5,120967,1507789048708,2,3,20,1,21,1
285913,1507788511183331,1507788511000,3,208562,1507803914095,4,1,17,11,28,1
285913,1507788511183331,1507788511000,3,149706,1507804223989,4,1,17,11,28,1
285913,1507788511183331,1507788511000,3,96242,1507804253989,4,1,17,11,28,1
285914,1507788532299332,1507788532000,2,283505,1507788629402,4,3,19,1,16,2
285914,1507788532299332,1507788532000,2,215993,1507788659402,4,3,19,1,16,2
175039,1507788535348333,1507788535000,5,111043,1507788892560,4,3,2,1,16,2
175039,1507788535348333,1507788535000,5,183176,1507789394882,4,3,2,1,16,2
175039,1507788535348333,1507788535000,5,128260,1507789514794,4,3,2,1,16,2
175039,1507788535348333,1507788535000,5,129799,1507789700702,4,3,2,1,16,1
175039,1507788535348333,1507788535000,5,9308,1507789730702,4,3,2,1,16,1
79816,1507788566389334,1507788566000,2,208150,1507788790081,4,3,20,4,28,2
79816,1507788566389334,1507788566000,2,111043,1507788820081,4,3,20,4,28,2
37342,1507788571714335,1507788571000,2,138930,1507789497552,4,3,2,1,11,5
37342,1507788571714335,1507788571000,2,85761,1507789527552,4,3,2,1,11,5
41817,1507788578138336,1507788578000,3,215993,1507788693083,4,3,20,8,28,2
41817,1507788578138336,1507788578000,3,160096,1507788883567,4,3,20,8,28,2
41817,1507788578138336,1507788578000,3,208150,1507788913567,4,3,20,8,28,2
114232,1507788598385337,1507788598000,2,208562,1507788663240,4,3,20,10,28,1
114232,1507788598385337,1507788598000,2,236904,1507788693240,4,3,20,10,28,1
86973,1507788600107338,1507788600000,3,111043,1507788600941,4,1,17,1,21,2
86973,1507788600107338,1507788600000,3,283505,1507788623126,4,1,17,1,21,2
86973,1507788600107338,1507788600000,3,215993,1507788653126,4,1,17,1,21,2
237565,1507788606155339,1507788606000,2,183176,1507788855443,4,3,20,10,28,2
237565,1507788606155339,1507788606000,2,160543,1507788885443,4,3,20,10,28,2
151295,1507788612356340,1507788612000,5,288558,1507788654274,4,1,17,3,28,1
151295,1507788612356340,1507788612000,5,354086,1507788900508,4,1,17,3,28,1
151295,1507788612356340,1507788612000,5,277492,1507789239100,4,1,17,3,28,1
151295,1507788612356340,1507788612000,5,277491,1507789500762,4,1,17,3,28,1
151295,1507788612356340,1507788612000,5,336220,1507789530762,4,1,17,3,28,1
118045,1507788619118341,1507788619000,2,273208,1507788913427,4,3,2,1,20,1
118045,1507788619118341,1507788619000,2,235854,1507788943427,4,3,2,1,20,1
113096,1507788619305342,1507788619000,3,233688,1507788883691,4,4,20,1,16,7
113096,1507788619305342,1507788619000,3,111043,1507788978957,4,4,20,1,16,7
113096,1507788619305342,1507788619000,3,108857,1507789008957,4,4,20,1,16,7
15527,1507788621392343,1507788621000,2,233688,1507788645187,4,3,2,1,26,2
15527,1507788621392343,1507788621000,2,111043,1507788675187,4,3,2,1,26,2
153887,1507788637348344,1507788637000,3,234006,1507789492585,4,3,2,1,8,2
153887,1507788637348344,1507788637000,3,9308,1507789699284,4,3,2,1,8,1
153887,1507788637348344,1507788637000,3,30007,1507789729284,4,3,2,1,8,1
216921,1507788645596345,1507788645000,3,233688,1507788672042,4,3,20,1,21,2
216921,1507788645596345,1507788645000,3,235964,1507788773441,4,3,20,1,21,1
216921,1507788645596345,1507788645000,3,283505,1507788803441,4,3,20,1,21,1
117825,1507788648261346,1507788648000,4,111043,1507788689730,4,1,12,10,28,2
117825,1507788648261346,1507788648000,4,215993,1507789069169,4,1,12,10,28,2
117825,1507788648261346,1507788648000,4,233688,1507789264112,4,1,12,10,28,1
117825,1507788648261346,1507788648000,4,160096,1507789294112,4,1,12,10,28,1
229350,1507788652302347,1507788652000,4,283505,1507788780383,4,3,2,1,21,2
229350,1507788652302347,1507788652000,4,288435,1507788935042,4,3,2,1,21,1
229350,1507788652302347,1507788652000,4,128260,1507789015981,4,3,2,1,21,1
229350,1507788652302347,1507788652000,4,96321,1507789045981,4,3,2,1,21,1
85432,1507788663256348,1507788663000,2,283505,1507788763061,4,3,2,1,21,2
85432,1507788663256348,1507788663000,2,234006,1507788793061,4,3,2,1,21,2
42624,1507788667317349,1507788667000,2,233688,1507788850450,4,3,2,1,21,2
42624,1507788667317349,1507788667000,2,160096,1507788880450,4,3,2,1,21,2
29474,1507788674393350,1507788674000,2,111043,1507788760911,4,1,17,1,21,2
29474,1507788674393350,1507788674000,2,160096,1507788790911,4,1,17,1,21,2
89244,1507788682396351,1507788682000,4,108857,1507788739203,4,1,17,1,25,2
89244,1507788682396351,1507788682000,4,215993,1507788751792,4,1,17,1,25,2
89244,1507788682396351,1507788682000,4,128260,1507789031123,4,1,17,1,25,2
89244,1507788682396351,1507788682000,4,264078,1507789061123,4,1,17,1,25,2
11310,1507788694365352,1507788694000,15,211732,1507790001803,4,1,17,1,15,5
11310,1507788694365352,1507788694000,15,214658,1507790019933,4,1,17,1,15,1
11310,1507788694365352,1507788694000,15,183176,1507790095392,4,1,17,1,15,1
11310,1507788694365352,1507788694000,15,119534,1507790179214,4,1,17,1,15,1
11310,1507788694365352,1507788694000,15,128260,1507790258824,4,1,17,1,15,1
11310,1507788694365352,1507788694000,15,84548,1507790258928,4,1,17,1,15,1
11310,1507788694365352,1507788694000,15,288435,1507790308074,4,1,17,1,15,1
11310,1507788694365352,1507788694000,15,337192,1507790318800,4,1,17,1,15,1
11310,1507788694365352,1507788694000,15,83580,1507790418940,4,1,17,1,15,1
11310,1507788694365352,1507788694000,15,111043,1507791083549,4,1,17,1,15,1
11310,1507788694365352,1507788694000,15,234128,1507791713832,4,1,17,1,15,1
11310,1507788694365352,1507788694000,15,119525,1507791732860,4,1,17,1,15,1
11310,1507788694365352,1507788694000,15,226097,1507791836121,4,1,17,1,15,1
11310,1507788694365352,1507788694000,15,107073,1507792143293,4,1,17,1,15,1
11310,1507788694365352,1507788694000,15,235964,1507792173293,4,1,17,1,15,1
285915,1507788707541353,1507788707000,2,233688,1507788753835,4,3,2,1,25,2
285915,1507788707541353,1507788707000,2,208150,1507788783835,4,3,2,1,25,2
238357,1507788717128354,1507788717000,2,234006,1507789209935,4,1,17,3,28,2
238357,1507788717128354,1507788717000,2,283505,1507789239935,4,1,17,3,28,2
8715,1507788735162355,1507788735000,2,288558,1507788748748,4,1,17,1,24,1
8715,1507788735162355,1507788735000,2,233688,1507788778748,4,1,17,1,24,1
2378,1507788736301356,1507788736000,9,183176,1507788999684,4,3,2,1,24,2
2378,1507788736301356,1507788736000,9,111043,1507789237569,4,3,2,1,24,1
2378,1507788736301356,1507788736000,9,351427,1507789430574,4,3,2,1,24,1
2378,1507788736301356,1507788736000,9,120967,1507789527294,4,3,2,1,24,1
2378,1507788736301356,1507788736000,9,234006,1507789681284,4,3,2,1,24,1
2378,1507788736301356,1507788736000,9,14200,1507789845852,4,3,2,1,24,1
2378,1507788736301356,1507788736000,9,234633,1507790026012,4,3,2,1,24,1
2378,1507788736301356,1507788736000,9,160096,1507790167515,4,3,2,1,24,1
2378,1507788736301356,1507788736000,9,9308,1507790197515,4,3,2,1,24,1
27375,1507788744109357,1507788744000,2,353673,1507789086302,4,3,2,1,6,1
27375,1507788744109357,1507788744000,2,84914,1507789116302,4,3,2,1,6,1
41819,1507788745340358,1507788745000,2,111043,1507788780468,4,1,17,11,28,2
41819,1507788745340358,1507788745000,2,233688,1507788810468,4,1,17,11,28,2
256497,1507788747385359,1507788747000,3,160096,1507789000825,4,1,17,11,28,2
256497,1507788747385359,1507788747000,3,215993,1507789095558,4,1,17,11,28,2
256497,1507788747385359,1507788747000,3,128260,1507789125558,4,1,17,11,28,2
285916,1507788753285360,1507788753000,2,233688,1507788829361,4,3,2,1,25,2
285916,1507788753285360,1507788753000,2,208150,1507788859361,4,3,2,1,25,2
273157,1507788754642361,1507788754000,2,233688,1507788777828,4,1,17,1,17,2
273157,1507788754642361,1507788754000,2,111043,1507788807828,4,1,17,1,17,2
91163,1507788768271362,1507788768000,4,234006,1507789077713,4,3,2,1,25,2
91163,1507788768271362,1507788768000,4,119534,1507789392284,4,3,2,1,25,1
91163,1507788768271362,1507788768000,4,307779,1507789474843,4,3,2,1,25,1
91163,1507788768271362,1507788768000,4,9308,1507789504843,4,3,2,1,25,1
285917,1507788788329363,1507788788000,4,348119,1507788878073,4,1,17,1,13,5
285917,1507788788329363,1507788788000,4,348081,1507788969226,4,1,17,1,13,1
285917,1507788788329363,1507788788000,4,348102,1507789127532,4,1,17,1,13,5
285917,1507788788329363,1507788788000,4,348135,1507789157532,4,1,17,1,13,5
20687,1507788791343364,1507788791000,3,233688,1507788807756,4,3,2,1,13,2
20687,1507788791343364,1507788791000,3,283505,1507788838795,4,3,2,1,13,2
20687,1507788791343364,1507788791000,3,234006,1507788868795,4,3,2,1,13,2
110854,1507788792119365,1507788792000,2,233688,1507788843120,4,3,20,1,25,2
110854,1507788792119365,1507788792000,2,111043,1507788873120,4,3,20,1,25,2
92546,1507788792164366,1507788792000,2,208150,1507789049042,4,3,2,1,8,2
92546,1507788792164366,1507788792000,2,120967,1507789079042,4,3,2,1,8,2
193189,1507788793291367,1507788793000,4,208150,1507788893588,4,3,2,1,6,2
193189,1507788793291367,1507788793000,4,233688,1507788944505,4,3,2,1,6,2
193189,1507788793291367,1507788793000,4,288435,1507789146589,4,3,2,1,6,1
193189,1507788793291367,1507788793000,4,183176,1507789176589,4,3,2,1,6,1
1663,1507788836809368,1507788836000,2,208150,1507789426571,4,1,17,1,21,2
1663,1507788836809368,1507788836000,2,215993,1507789456571,4,1,17,1,21,2
117899,1507788878424369,1507788878000,5,159232,1507796998994,4,1,17,11,28,1
117899,1507788878424369,1507788878000,5,183176,1507797014610,4,1,17,11,28,1
117899,1507788878424369,1507788878000,5,277492,1507797025948,4,1,17,11,28,1
117899,1507788878424369,1507788878000,5,233688,1507797031712,4,1,17,11,28,1
117899,1507788878424369,1507788878000,5,181585,1507797061712,4,1,17,11,28,1
285918,1507788881414370,1507788881000,3,234006,1507789002208,4,3,2,1,21,2
285918,1507788881414370,1507788881000,3,202372,1507789170131,4,3,2,1,21,1
285918,1507788881414370,1507788881000,3,208150,1507789200131,4,3,2,1,21,1
103881,1507788901254371,1507788901000,2,208150,1507788949961,4,3,2,9,28,1
103881,1507788901254371,1507788901000,2,208562,1507788979961,4,3,2,9,28,1
32675,1507788907236372,1507788907000,2,208150,1507789117035,4,3,20,1,21,2
32675,1507788907236372,1507788907000,2,183176,1507789147035,4,3,20,1,21,2
285919,1507788911555373,1507788911000,2,208150,1507789144465,4,4,20,1,7,2
285919,1507788911555373,1507788911000,2,9308,1507789174465,4,4,20,1,7,2
193984,1507788912176374,1507788912000,3,69619,1507790075921,4,1,17,1,13,5
193984,1507788912176374,1507788912000,3,61476,1507791229761,4,1,17,1,13,5
193984,1507788912176374,1507788912000,3,283505,1507791259761,4,1,17,1,13,5
262626,1507788915150375,1507788915000,6,211926,1507788915184,4,4,2,1,20,4
262626,1507788915150375,1507788915000,6,288435,1507789181143,4,4,2,1,20,4
262626,1507788915150375,1507788915000,6,270885,1507789330691,4,4,2,1,20,1
262626,1507788915150375,1507788915000,6,272172,1507789478732,4,4,2,1,20,1
262626,1507788915150375,1507788915000,6,58566,1507789546912,4,4,2,1,20,1
262626,1507788915150375,1507788915000,6,264078,1507789576912,4,4,2,1,20,1
224453,1507788929138376,1507788929000,2,160096,1507789089492,4,1,17,1,25,2
224453,1507788929138376,1507788929000,2,215993,1507789119492,4,1,17,1,25,2
285920,1507788948415377,1507788948000,2,215993,1507789065234,4,1,17,1,9,2
285920,1507788948415377,1507788948000,2,107290,1507789095234,4,1,17,1,9,2
212445,1507788961309378,1507788961000,2,283505,1507790655365,4,3,20,1,25,2
212445,1507788961309378,1507788961000,2,233688,1507790685365,4,3,20,1,25,2
622,1507788971380379,1507788971000,3,283505,1507789033931,4,1,17,1,9,1
622,1507788971380379,1507788971000,3,354086,1507789252548,4,1,17,1,9,1
622,1507788971380379,1507788971000,3,233688,1507789282548,4,1,17,1,9,1
112614,1507788972104380,1507788972000,3,111043,1507789048849,4,3,2,1,24,2
112614,1507788972104380,1507788972000,3,283505,1507789140664,4,3,2,1,24,2
112614,1507788972104380,1507788972000,3,234006,1507789170664,4,3,2,1,24,2
38948,1507788978164381,1507788978000,2,233688,1507789022138,4,3,2,1,25,2
38948,1507788978164381,1507788978000,2,283505,1507789052138,4,3,2,1,25,2
39630,1507788986978382,1507788986000,2,119534,1507789210157,4,3,2,1,11,1
39630,1507788986978382,1507788986000,2,119525,1507789240157,4,3,2,1,11,1
230536,1507788988370383,1507788988000,3,111043,1507789562550,4,3,2,1,5,2
230536,1507788988370383,1507788988000,3,183176,1507789834226,4,3,2,1,5,1
230536,1507788988370383,1507788988000,3,215993,1507789864226,4,3,2,1,5,1
99257,1507788993181384,1507788993000,2,208150,1507789043289,4,3,20,11,28,2
99257,1507788993181384,1507788993000,2,111043,1507789073289,4,3,20,11,28,2
212388,1507788995183385,1507788995000,2,109931,1507790574179,4,3,20,1,5,5
212388,1507788995183385,1507788995000,2,283505,1507790604179,4,3,20,1,5,5
18640,1507789001105386,1507789001000,2,284096,1507789001469,4,3,20,1,25,2
18640,1507789001105386,1507789001000,2,111043,1507789031469,4,3,20,1,25,2
79476,1507789012347387,1507789012000,2,111043,1507789026937,4,1,17,10,28,2
79476,1507789012347387,1507789012000,2,233688,1507789056937,4,1,17,10,28,2
43679,1507789019226388,1507789019000,2,208150,1507789191449,4,1,17,1,25,1
43679,1507789019226388,1507789019000,2,340824,1507789221449,4,1,17,1,25,1
119624,1507789042265389,1507789042000,2,208150,1507789042931,2,4,2,1,14,7
119624,1507789042265389,1507789042000,2,177657,1507789072931,2,4,2,1,14,7
117897,1507789053259390,1507789053000,2,202388,1507789082788,4,3,2,1,24,4
117897,1507789053259390,1507789053000,2,208562,1507789112788,4,3,2,1,24,4
42150,1507789054396391,1507789054000,2,160096,1507789561856,4,1,17,1,9,5
42150,1507789054396391,1507789054000,2,226398,1507789591856,4,1,17,1,9,5
26452,1507789058374392,1507789058000,2,208150,1507790867322,4,3,2,1,21,2
26452,1507789058374392,1507789058000,2,215993,1507790897322,4,3,2,1,21,2
17440,1507789060234393,1507789060000,2,233688,1507789120245,4,3,2,1,13,2
17440,1507789060234393,1507789060000,2,74719,1507789150245,4,3,2,1,13,2
455,1507789065913394,1507789065000,2,233688,1507789108897,4,3,20,1,11,2
455,1507789065913394,1507789065000,2,215993,1507789138897,4,3,20,1,11,2
11654,1507789065380395,1507789065000,3,111043,1507789287841,2,4,2,1,25,2
11654,1507789065380395,1507789065000,3,128260,1507789377741,2,4,2,1,25,2
11654,1507789065380395,1507789065000,3,264078,1507789407741,2,4,2,1,25,2
77123,1507789086733396,1507789086000,2,183176,1507789344799,4,3,2,1,19,1
77123,1507789086733396,1507789086000,2,208150,1507789374799,4,3,2,1,19,1
140899,1507789092611397,1507789092000,2,233688,1507789116010,4,3,20,11,28,2
140899,1507789092611397,1507789092000,2,111043,1507789146010,4,3,20,11,28,2
12806,1507789092312398,1507789092000,2,111043,1507789323314,4,3,2,2,28,2
12806,1507789092312398,1507789092000,2,283505,1507789353314,4,3,2,2,28,2
190636,1507789094307399,1507789094000,2,235854,1507793754351,2,4,2,1,16,1
190636,1507789094307399,1507789094000,2,111043,1507793784351,2,4,2,1,16,1
227487,1507789099361400,1507789099000,6,183176,1507789177024,4,3,2,1,25,1
227487,1507789099361400,1507789099000,6,119534,1507789363015,4,3,2,1,25,1
227487,1507789099361400,1507789099000,6,96321,1507790304572,4,3,2,1,25,1
227487,1507789099361400,1507789099000,6,208150,1507792936513,4,3,2,1,25,1
227487,1507789099361400,1507789099000,6,3867,1507793301468,4,3,2,1,25,1
227487,1507789099361400,1507789099000,6,160096,1507793331468,4,3,2,1,25,1
116834,1507789107342401,1507789107000,2,283505,1507789171282,4,3,2,11,28,2
116834,1507789107342401,1507789107000,2,215993,1507789201282,4,3,2,11,28,2
179605,1507789110284402,1507789110000,2,283505,1507789204019,2,4,20,1,8,2
179605,1507789110284402,1507789110000,2,215993,1507789234019,2,4,20,1,8,2
42228,1507789111468403,1507789111000,3,128260,1507789360968,4,3,2,1,21,2
42228,1507789111468403,1507789111000,3,183176,1507789437280,4,3,2,1,21,1
42228,1507789111468403,1507789111000,3,215993,1507789467280,4,3,2,1,21,1
36376,1507789126496404,1507789126000,2,111043,1507789154337,4,3,2,1,13,2
36376,1507789126496404,1507789126000,2,128260,1507789184337,4,3,2,1,13,2
35953,1507789128361405,1507789128000,2,283505,1507789251558,4,4,2,1,25,2
35953,1507789128361405,1507789128000,2,233688,1507789281558,4,4,2,1,25,2
2358,1507789147169406,1507789147000,5,283505,1507789282566,4,4,2,1,19,7
2358,1507789147169406,1507789147000,5,111043,1507789548537,4,4,2,1,19,7
2358,1507789147169406,1507789147000,5,255708,1507789738375,4,4,2,1,19,7
2358,1507789147169406,1507789147000,5,47854,1507789794775,4,4,2,1,19,7
2358,1507789147169406,1507789147000,5,226398,1507789824775,4,4,2,1,19,7
63688,1507789150158407,1507789150000,4,183176,1507790413664,4,1,17,1,21,1
63688,1507789150158407,1507789150000,4,235854,1507790420171,4,1,17,1,21,1
63688,1507789150158407,1507789150000,4,277492,1507790425141,4,1,17,1,21,1
63688,1507789150158407,1507789150000,4,336220,1507790455141,4,1,17,1,21,1
22833,1507789152367408,1507789152000,2,84942,1507789166591,4,1,13,2,28,1
22833,1507789152367408,1507789152000,2,211732,1507789196591,4,1,13,2,28,1
226640,1507789154366409,1507789154000,2,111043,1507789260321,4,3,2,1,25,7
226640,1507789154366409,1507789154000,2,183176,1507789290321,4,3,2,1,25,7
101074,1507789156129410,1507789156000,2,160096,1507789218273,4,3,20,6,28,2
101074,1507789156129410,1507789156000,2,215993,1507789248273,4,3,20,6,28,2
17641,1507789162362411,1507789162000,2,208150,1507789192524,4,3,20,10,28,2
17641,1507789162362411,1507789162000,2,233688,1507789222524,4,3,20,10,28,2
155611,1507789171363412,1507789171000,3,111043,1507789259631,4,3,2,1,13,2
155611,1507789171363412,1507789171000,3,215993,1507789275215,4,3,2,1,13,2
155611,1507789171363412,1507789171000,3,183176,1507789305215,4,3,2,1,13,2
228036,1507789187220413,1507789187000,4,111043,1507789350070,4,4,20,11,28,2
228036,1507789187220413,1507789187000,4,283505,1507789437185,4,4,20,11,28,2
228036,1507789187220413,1507789187000,4,234006,1507789563054,4,4,20,11,28,2
228036,1507789187220413,1507789187000,4,208150,1507789593054,4,4,20,11,28,2
285921,1507789215145414,1507789215000,2,233688,1507789249399,4,3,20,1,21,2
285921,1507789215145414,1507789215000,2,234006,1507789279399,4,3,20,1,21,2
285922,1507789217227415,1507789217000,3,233688,1507789527311,4,3,20,9,28,2
285922,1507789217227415,1507789217000,3,283505,1507789687012,4,3,20,9,28,2
285922,1507789217227415,1507789217000,3,160096,1507789717012,4,3,20,9,28,2
4696,1507789222102416,1507789222000,2,283505,1507789263701,4,3,2,3,28,2
4696,1507789222102416,1507789222000,2,234006,1507789293701,4,3,2,3,28,2
114937,1507789222173417,1507789222000,2,97546,1507789222035,4,1,17,1,8,5
114937,1507789222173417,1507789222000,2,97614,1507789252035,4,1,17,1,8,5
38095,1507789232239418,1507789232000,2,234006,1507789397430,4,3,20,10,28,2
38095,1507789232239418,1507789232000,2,160096,1507789427430,4,3,20,10,28,2
1734,1507789242378419,1507789242000,3,283505,1507792831459,4,1,17,1,21,2
1734,1507789242378419,1507789242000,3,215993,1507801123195,4,1,17,1,21,2
1734,1507789242378419,1507789242000,3,202637,1507801153195,4,1,17,1,21,2
1859,1507789251272420,1507789251000,2,183176,1507789364886,4,3,2,1,12,2
1859,1507789251272420,1507789251000,2,119534,1507789394886,4,3,2,1,12,2
117701,1507789260310421,1507789260000,2,111043,1507789316083,4,3,2,1,20,2
117701,1507789260310421,1507789260000,2,183176,1507789346083,4,3,2,1,20,2
238023,1507789282214422,1507789282000,2,233688,1507789305798,4,1,17,1,25,2
238023,1507789282214422,1507789282000,2,160981,1507789335798,4,1,17,1,25,2
248465,1507789292711423,1507789292000,2,208150,1507789335503,4,3,2,1,25,2
248465,1507789292711423,1507789292000,2,111043,1507789365503,4,3,2,1,25,2
12033,1507789294225424,1507789294000,3,215993,1507789365508,4,1,17,1,13,2
12033,1507789294225424,1507789294000,3,111043,1507789611827,4,1,17,1,13,1
12033,1507789294225424,1507789294000,3,337192,1507789641827,4,1,17,1,13,1
25526,1507789297748425,1507789297000,3,234006,1507789450745,4,3,2,1,8,2
25526,1507789297748425,1507789297000,3,215993,1507790008735,4,3,2,1,8,1
25526,1507789297748425,1507789297000,3,236279,1507790038735,4,3,2,1,8,1
189087,1507789310238426,1507789310000,5,233688,1507789426198,4,1,17,1,13,2
189087,1507789310238426,1507789310000,5,111043,1507789654026,4,1,17,1,13,2
189087,1507789310238426,1507789310000,5,234006,1507789817241,4,1,17,1,13,2
189087,1507789310238426,1507789310000,5,283505,1507789823389,4,1,17,1,13,2
189087,1507789310238426,1507789310000,5,215993,1507789853389,4,1,17,1,13,2
118435,1507789331299427,1507789331000,11,111043,1507789371144,4,4,20,1,25,2
118435,1507789331299427,1507789331000,11,120967,1507789665252,4,4,20,1,25,1
118435,1507789331299427,1507789331000,11,9308,1507789781139,4,4,20,1,25,1
118435,1507789331299427,1507789331000,11,353088,1507789930951,4,4,20,1,25,1
118435,1507789331299427,1507789331000,11,288456,1507789992216,4,4,20,1,25,1
118435,1507789331299427,1507789331000,11,183176,1507790119178,4,4,20,1,25,1
118435,1507789331299427,1507789331000,11,118856,1507790286561,4,4,20,1,25,1
118435,1507789331299427,1507789331000,11,337192,1507790321663,4,4,20,1,25,1
118435,1507789331299427,1507789331000,11,277492,1507790478303,4,4,20,1,25,1
118435,1507789331299427,1507789331000,11,48673,1507790723861,4,4,20,1,25,1
118435,1507789331299427,1507789331000,11,235854,1507790753861,4,4,20,1,25,1
238180,1507789335291428,1507789335000,6,208150,1507789409282,4,1,12,11,28,7
238180,1507789335291428,1507789335000,6,208562,1507789417214,4,1,12,11,28,7
238180,1507789335291428,1507789335000,6,354086,1507789476093,4,1,12,11,28,7
238180,1507789335291428,1507789335000,6,183176,1507789536912,4,1,12,11,28,7
238180,1507789335291428,1507789335000,6,336220,1507789537853,4,1,12,11,28,7
238180,1507789335291428,1507789335000,6,226398,1507789567853,4,1,12,11,28,7
285923,1507789335193429,1507789335000,2,208150,1507789389493,4,3,20,1,25,2
285923,1507789335193429,1507789335000,2,233688,1507789419493,4,3,20,1,25,2
1811,1507789342305430,1507789342000,3,354086,1507789396980,4,1,17,1,25,1
1811,1507789342305430,1507789342000,3,236561,1507789465885,4,1,17,1,25,1
1811,1507789342305430,1507789342000,3,183176,1507789495885,4,1,17,1,25,1
3322,1507789351668431,1507789351000,2,233688,1507789413614,4,3,20,1,13,2
3322,1507789351668431,1507789351000,2,183176,1507789443614,4,3,20,1,13,2
90485,1507789353249432,1507789353000,3,283505,1507789439586,2,4,2,1,21,2
90485,1507789353249432,1507789353000,3,234006,1507789539085,2,4,2,1,21,2
90485,1507789353249432,1507789353000,3,108857,1507789569085,2,4,2,1,21,2
195716,1507789372709433,1507789372000,2,283505,1507789568863,4,3,2,1,25,1
195716,1507789372709433,1507789372000,2,233688,1507789598863,4,3,2,1,25,1
285924,1507789374703434,1507789374000,2,233688,1507789388226,4,1,17,1,7,2
285924,1507789374703434,1507789374000,2,160096,1507789418226,4,1,17,1,7,2
11491,1507789380274435,1507789380000,2,283505,1507790905120,4,3,2,1,14,1
11491,1507789380274435,1507789380000,2,233688,1507790935120,4,3,2,1,14,1
41834,1507789384367436,1507789384000,6,283505,1507789629091,4,3,2,1,21,2
41834,1507789384367436,1507789384000,6,215993,1507789755346,4,3,2,1,21,1
41834,1507789384367436,1507789384000,6,120967,1507789924590,4,3,2,1,21,1
41834,1507789384367436,1507789384000,6,183176,1507790001193,4,3,2,1,21,1
41834,1507789384367436,1507789384000,6,9308,1507790171085,4,3,2,1,21,1
41834,1507789384367436,1507789384000,6,235745,1507790201085,4,3,2,1,21,1
215966,1507789391137437,1507789391000,3,236561,1507789719838,4,1,17,1,25,1
215966,1507789391137437,1507789391000,3,84344,1507790032077,4,1,17,1,25,1
215966,1507789391137437,1507789391000,3,233688,1507790062077,4,1,17,1,25,1
2333,1507789413210438,1507789413000,2,283505,1507789488046,4,3,20,5,28,2
2333,1507789413210438,1507789413000,2,234006,1507789518046,4,3,20,5,28,2
285925,1507789416601439,1507789416000,2,111043,1507789695094,4,3,2,1,13,2
285925,1507789416601439,1507789416000,2,234006,1507789725094,4,3,2,1,13,2
174940,1507789421347440,1507789421000,2,111043,1507789568065,4,3,2,1,24,5
174940,1507789421347440,1507789421000,2,215993,1507789598065,4,3,2,1,24,5
6344,1507789428421441,1507789428000,2,282933,1507791056960,4,1,17,1,25,5
6344,1507789428421441,1507789428000,2,107073,1507791086960,4,1,17,1,25,5
42023,1507789457406442,1507789457000,2,172294,1507791147109,4,1,17,1,14,1
42023,1507789457406442,1507789457000,2,183176,1507791177109,4,1,17,1,14,1
1484,1507789462210443,1507789462000,4,235964,1507789510522,4,3,2,1,21,1
1484,1507789462210443,1507789462000,4,183176,1507789597608,4,3,2,1,21,1
1484,1507789462210443,1507789462000,4,160096,1507790063805,4,3,2,1,21,1
1484,1507789462210443,1507789462000,4,274881,1507790093805,4,3,2,1,21,1
231289,1507789463330444,1507789463000,2,283505,1507789764233,4,3,2,1,16,2
231289,1507789463330444,1507789463000,2,277492,1507789794233,4,3,2,1,16,2
118869,1507789467371445,1507789467000,2,208150,1507789511698,4,3,2,1,13,2
118869,1507789467371445,1507789467000,2,233688,1507789541698,4,3,2,1,13,2
25914,1507789472266446,1507789472000,3,283505,1507789703313,4,3,2,1,2,2
25914,1507789472266446,1507789472000,3,234006,1507789808131,4,3,2,1,2,2
25914,1507789472266446,1507789472000,3,215993,1507789838131,4,3,2,1,2,2
41406,1507789472296447,1507789472000,3,233688,1507789557040,2,4,20,1,21,2
41406,1507789472296447,1507789472000,3,111043,1507789651811,2,4,20,1,21,2
41406,1507789472296447,1507789472000,3,234006,1507789681811,2,4,20,1,21,2
285926,1507789481188448,1507789481000,2,111043,1507789617573,4,3,2,1,11,2
285926,1507789481188448,1507789481000,2,234006,1507789647573,4,3,2,1,11,2
18673,1507789504138449,1507789504000,2,208150,1507789535378,4,3,20,11,28,1
18673,1507789504138449,1507789504000,2,208562,1507789565378,4,3,20,11,28,1
238121,1507789519424450,1507789519000,2,283505,1507789569173,4,4,20,1,21,2
238121,1507789519424450,1507789519000,2,208150,1507789599173,4,4,20,1,21,2
285927,1507789532167451,1507789532000,2,233688,1507789578617,4,3,2,1,16,2
285927,1507789532167451,1507789532000,2,166177,1507789608617,4,3,2,1,16,2
285928,1507789549349452,1507789549000,2,208150,1507789580846,4,3,2,1,25,1
285928,1507789549349452,1507789549000,2,183176,1507789610846,4,3,2,1,25,1
8361,1507789550873453,1507789550000,8,208150,1507790034098,4,4,20,1,17,1
8361,1507789550873453,1507789550000,8,208562,1507790091662,4,4,20,1,17,1
8361,1507789550873453,1507789550000,8,9308,1507790263712,4,4,20,1,17,1
8361,1507789550873453,1507789550000,8,10127,1507790457698,4,4,20,1,17,1
8361,1507789550873453,1507789550000,8,9126,1507790694470,4,4,20,1,17,1
8361,1507789550873453,1507789550000,8,42589,1507791018035,4,4,20,1,17,1
8361,1507789550873453,1507789550000,8,84914,1507791123387,4,4,20,1,17,1
8361,1507789550873453,1507789550000,8,42475,1507791153387,4,4,20,1,17,1
285929,1507789551612454,1507789551000,2,183176,1507789625860,4,3,2,1,12,1
285929,1507789551612454,1507789551000,2,118856,1507789655860,4,3,2,1,12,1
285930,1507789588271455,1507789588000,2,111043,1507789977305,4,3,2,1,25,2
285930,1507789588271455,1507789588000,2,283505,1507790007305,4,3,2,1,25,2
285931,1507789601386456,1507789601000,2,233688,1507789680449,4,3,20,1,25,2
285931,1507789601386456,1507789601000,2,215993,1507789710449,4,3,20,1,25,2
285932,1507789626211457,1507789626000,2,208150,1507789648194,4,3,2,11,28,2
285932,1507789626211457,1507789626000,2,233688,1507789678194,4,3,2,11,28,2
285933,1507789640122458,1507789640000,2,233688,1507790018982,4,3,2,11,28,2
285933,1507789640122458,1507789640000,2,111043,1507790048982,4,3,2,11,28,2
46280,1507789657132459,1507789657000,3,111043,1507789827314,4,3,2,1,25,2
46280,1507789657132459,1507789657000,3,283505,1507789929020,4,3,2,1,25,2
46280,1507789657132459,1507789657000,3,234006,1507789959020,4,3,2,1,25,2
116966,1507789702604460,1507789702000,2,128260,1507789826423,4,3,2,1,20,2
116966,1507789702604460,1507789702000,2,288435,1507789856423,4,3,2,1,20,2
43483,1507789723409461,1507789723000,4,233688,1507789773978,4,3,20,1,20,7
43483,1507789723409461,1507789723000,4,111043,1507790472755,4,3,20,1,20,7
43483,1507789723409461,1507789723000,4,128260,1507792097533,4,3,20,1,20,2
43483,1507789723409461,1507789723000,4,337192,1507792127533,4,3,20,1,20,2
3448,1507789733316462,1507789733000,2,208150,1507789803218,2,3,20,1,21,1
3448,1507789733316462,1507789733000,2,208562,1507789833218,2,3,20,1,21,1
196544,1507789738401463,1507789738000,2,74722,1507789935872,4,3,2,5,28,4
196544,1507789738401463,1507789738000,2,226460,1507789965872,4,3,2,5,28,4
234968,1507789740154464,1507789740000,2,233688,1507789769296,2,4,2,1,25,2
234968,1507789740154464,1507789740000,2,234006,1507789799296,2,4,2,1,25,2
245364,1507789761166465,1507789761000,2,111043,1507791028468,4,3,2,1,25,2
245364,1507789761166465,1507789761000,2,283505,1507791058468,4,3,2,1,25,2
190563,1507789768121466,1507789768000,3,208150,1507790272589,4,3,2,9,28,2
190563,1507789768121466,1507789768000,3,283505,1507790421428,4,3,2,9,28,2
190563,1507789768121466,1507789768000,3,234006,1507790451428,4,3,2,9,28,2
105798,1507789781562467,1507789781000,2,233688,1507789902128,4,3,2,1,20,2
105798,1507789781562467,1507789781000,2,111043,1507789932128,4,3,2,1,20,2
41808,1507789785261468,1507789785000,3,283505,1507789846973,4,4,20,11,28,2
41808,1507789785261468,1507789785000,3,234006,1507789981992,4,4,20,11,28,2
41808,1507789785261468,1507789785000,3,160096,1507790011992,4,4,20,11,28,2
110430,1507789799326469,1507789799000,2,233688,1507789853142,4,3,2,1,25,2
110430,1507789799326469,1507789799000,2,283505,1507789883142,4,3,2,1,25,2
40506,1507789805152470,1507789805000,2,326816,1507789805516,4,1,17,1,13,5
40506,1507789805152470,1507789805000,2,195595,1507789835516,4,1,17,1,13,5
111624,1507789810116471,1507789810000,4,208150,1507789874120,4,3,2,1,8,2
111624,1507789810116471,1507789810000,4,111043,1507790107404,4,3,2,1,8,2
111624,1507789810116471,1507789810000,4,183176,1507790435695,4,3,2,1,8,2
111624,1507789810116471,1507789810000,4,119534,1507790465695,4,3,2,1,8,2
71305,1507789822240472,1507789822000,3,202372,1507789890445,4,3,20,6,28,1
71305,1507789822240472,1507789822000,3,183176,1507789992787,4,3,20,6,28,1
71305,1507789822240472,1507789822000,3,233688,1507790022787,4,3,20,6,28,1
42245,1507789825101473,1507789825000,4,233688,1507789890897,4,1,17,1,21,2
42245,1507789825101473,1507789825000,4,84914,1507790215803,4,1,17,1,21,1
42245,1507789825101473,1507789825000,4,84618,1507790423532,4,1,17,1,21,1
42245,1507789825101473,1507789825000,4,119534,1507790453532,4,1,17,1,21,1
285934,1507789833365474,1507789833000,3,233688,1507789893729,4,3,2,1,7,2
285934,1507789833365474,1507789833000,3,84914,1507789952660,4,3,2,1,7,1
285934,1507789833365474,1507789833000,3,84618,1507789982660,4,3,2,1,7,1
285935,1507789834328475,1507789834000,2,233688,1507789923460,4,1,17,1,12,2
285935,1507789834328475,1507789834000,2,283505,1507789953460,4,1,17,1,12,2
15836,1507789855299476,1507789855000,8,233688,1507789943875,4,3,2,1,21,2
15836,1507789855299476,1507789855000,8,337192,1507790077881,4,3,2,1,21,1
15836,1507789855299476,1507789855000,8,288435,1507790275679,4,3,2,1,21,1
15836,1507789855299476,1507789855000,8,319514,1507790363888,4,3,2,1,21,1
15836,1507789855299476,1507789855000,8,96321,1507790600785,4,3,2,1,21,1
15836,1507789855299476,1507789855000,8,97546,1507790793927,4,3,2,1,21,1
15836,1507789855299476,1507789855000,8,9308,1507790996160,4,3,2,1,21,1
15836,1507789855299476,1507789855000,8,234006,1507791026160,4,3,2,1,21,1
15763,1507789855295477,1507789855000,3,208508,1507789961714,4,3,2,4,28,1
15763,1507789855295477,1507789855000,3,215993,1507790621430,4,3,2,4,28,1
15763,1507789855295477,1507789855000,3,235854,1507790651430,4,3,2,4,28,1
285936,1507789866473478,1507789866000,2,233688,1507789920073,4,1,17,1,17,2
285936,1507789866473478,1507789866000,2,160096,1507789950073,4,1,17,1,17,2
192264,1507789878282479,1507789878000,3,215993,1507790321864,4,1,17,1,24,2
192264,1507789878282479,1507789878000,3,183176,1507790892631,4,1,17,1,24,2
192264,1507789878282479,1507789878000,3,298585,1507790922631,4,1,17,1,24,2
285937,1507789901107480,1507789901000,2,111043,1507789945861,4,3,2,1,25,2
285937,1507789901107480,1507789901000,2,160096,1507789975861,4,3,2,1,25,2
30214,1507789901334481,1507789901000,4,233688,1507789926550,4,3,2,1,16,2
30214,1507789901334481,1507789901000,4,160096,1507790121008,4,3,2,1,16,2
30214,1507789901334481,1507789901000,4,9308,1507790226428,4,3,2,1,16,1
30214,1507789901334481,1507789901000,4,211401,1507790256428,4,3,2,1,16,1
42861,1507789908400482,1507789908000,4,283505,1507790056502,4,3,2,1,25,2
42861,1507789908400482,1507789908000,4,128260,1507790810412,4,3,2,1,25,2
42861,1507789908400482,1507789908000,4,233688,1507790871896,4,3,2,1,25,1
42861,1507789908400482,1507789908000,4,120967,1507790901896,4,3,2,1,25,1
161307,1507789929201483,1507789929000,2,233688,1507790063416,4,1,17,1,13,2
161307,1507789929201483,1507789929000,2,111043,1507790093416,4,1,17,1,13,2
285938,1507789932375484,1507789932000,2,111043,1507790075647,4,1,17,1,20,2
285938,1507789932375484,1507789932000,2,108857,1507790105647,4,1,17,1,20,2
227773,1507789949177485,1507789949000,2,183176,1507790062915,2,4,2,10,28,2
227773,1507789949177485,1507789949000,2,119534,1507790092915,2,4,2,10,28,2
285939,1507789954226486,1507789954000,2,96926,1507790010649,4,3,2,1,8,1
285939,1507789954226486,1507789954000,2,96214,1507790040649,4,3,2,1,8,1
4711,1507789963341487,1507789963000,2,111043,1507789963130,4,3,20,1,25,2
4711,1507789963341487,1507789963000,2,183176,1507789993130,4,3,20,1,25,2
151490,1507789971847488,1507789971000,3,354086,1507790821922,4,3,2,1,13,1
151490,1507789971847488,1507789971000,3,183176,1507790948343,4,3,2,1,13,1
151490,1507789971847488,1507789971000,3,119534,1507790978343,4,3,2,1,13,1
31206,1507790010466489,1507790010000,3,283505,1507790157211,2,4,2,1,21,2
31206,1507790010466489,1507790010000,3,128260,1507790561775,2,4,2,1,21,2
31206,1507790010466489,1507790010000,3,235745,1507790591775,2,4,2,1,21,2
82139,1507790015693490,1507790015000,2,233688,1507790048368,4,3,20,3,28,2
82139,1507790015693490,1507790015000,2,215993,1507790078368,4,3,20,3,28,2
35533,1507790022397491,1507790022000,2,111043,1507790063396,4,3,2,1,25,2
35533,1507790022397491,1507790022000,2,183176,1507790093396,4,3,2,1,25,2
57307,1507790030737492,1507790030000,2,74722,1507790539698,4,1,17,1,21,4
57307,1507790030737492,1507790030000,2,84344,1507790569698,4,1,17,1,21,4
104255,1507790041370493,1507790041000,2,233688,1507790097624,4,3,2,1,25,2
104255,1507790041370493,1507790041000,2,120967,1507790127624,4,3,2,1,25,2
285940,1507790052238494,1507790052000,2,233688,1507790082863,4,3,20,11,28,2
285940,1507790052238494,1507790052000,2,215993,1507790112863,4,3,20,11,28,2
132014,1507790053186495,1507790053000,2,111043,1507790082850,4,1,17,6,28,2
132014,1507790053186495,1507790053000,2,183176,1507790112850,4,1,17,6,28,2
273523,1507790074862496,1507790074000,3,111043,1507790107539,4,3,2,1,21,2
273523,1507790074862496,1507790074000,3,283505,1507790309997,4,3,2,1,21,2
273523,1507790074862496,1507790074000,3,234006,1507790339997,4,3,2,1,21,2
1982,1507790087211497,1507790087000,6,84942,1507790456454,4,1,17,5,28,1
1982,1507790087211497,1507790087000,6,183176,1507790533252,4,1,17,5,28,1
1982,1507790087211497,1507790087000,6,111043,1507790600709,4,1,17,5,28,1
1982,1507790087211497,1507790087000,6,160096,1507790733304,4,1,17,5,28,1
1982,1507790087211497,1507790087000,6,157650,1507790793410,4,1,17,5,28,1
1982,1507790087211497,1507790087000,6,9308,1507790823410,4,1,17,5,28,1
1815,1507790090102498,1507790090000,3,208150,1507790246817,4,1,17,1,17,2
1815,1507790090102498,1507790090000,3,208562,1507790416842,4,1,17,1,17,1
1815,1507790090102498,1507790090000,3,233688,1507790446842,4,1,17,1,17,1
66115,1507790092264499,1507790092000,2,208562,1507790135485,4,3,2,1,25,1
66115,1507790092264499,1507790092000,2,107073,1507790165485,4,3,2,1,25,1
285941,1507790106234500,1507790106000,2,208150,1507790206837,4,3,20,1,26,2
285941,1507790106234500,1507790106000,2,208562,1507790236837,4,3,20,1,26,2
29682,1507790113328501,1507790113000,4,111043,1507790239950,4,3,20,1,25,2
29682,1507790113328501,1507790113000,4,283505,1507790347108,4,3,20,1,25,2
29682,1507790113328501,1507790113000,4,215993,1507790451848,4,3,20,1,25,2
29682,1507790113328501,1507790113000,4,160096,1507790481848,4,3,20,1,25,2
162316,1507790114289502,1507790114000,2,111043,1507790479133,4,1,17,1,13,2
162316,1507790114289502,1507790114000,2,84942,1507790509133,4,1,17,1,13,2
193790,1507790137418503,1507790137000,3,111043,1507790379222,4,3,2,1,24,2
193790,1507790137418503,1507790137000,3,234006,1507790464872,4,3,2,1,24,2
193790,1507790137418503,1507790137000,3,215993,1507790494872,4,3,2,1,24,2
285942,1507790146957504,1507790146000,2,283505,1507790269426,4,3,20,1,25,2
285942,1507790146957504,1507790146000,2,111043,1507790299426,4,3,20,1,25,2
285943,1507790147391505,1507790147000,2,160096,1507790266447,4,3,2,6,28,2
285943,1507790147391505,1507790147000,2,283505,1507790296447,4,3,2,6,28,2
285944,1507790151278506,1507790151000,2,266009,1507790178703,4,3,2,1,20,1
285944,1507790151278506,1507790151000,2,273157,1507790208703,4,3,2,1,20,1
108333,1507790157397507,1507790157000,2,283505,1507793556128,4,4,20,1,6,2
108333,1507790157397507,1507790157000,2,337192,1507793586128,4,4,20,1,6,2
219756,1507790179196508,1507790179000,2,235745,1507790330637,4,3,20,1,21,1
219756,1507790179196508,1507790179000,2,239962,1507790360637,4,3,20,1,21,1
